train_samples,test_samples,method,l1_ratio,penalizer,ci_train_same_size,ci_train_max_size,ci_test,ibs_train_same_size,ibs_train_max_size,ibs_test,train_time,test_time,error,error_text,model_id
1,1,Cox,0.001,0.001,0.5,0.5,0.5,0.18294859958058846,0.4135404317765961,0.18664790308187135,70.33233141899109,0.2396392822265625,0,,1
1,10,Cox,0.001,0.001,0.5,0.5,0.5,0.18294859958058846,0.4135404317765961,0.3833544547969226,70.33233141899109,2.0223379135131836,0,,1
1,25,Cox,0.001,0.001,0.5,0.5,0.5,0.18294859958058846,0.4135404317765961,0.40695341427459863,70.33233141899109,4.821795225143433,0,,1
1,1,Cox,0.001,0.01778279410038923,0.5,0.5,0.5,0.18294859958058846,0.4135404317765961,0.18664790308187135,68.81086993217468,0.2917766571044922,0,,2
1,10,Cox,0.001,0.01778279410038923,0.5,0.5,0.5,0.18294859958058846,0.4135404317765961,0.3833544547969226,68.81086993217468,2.0464282035827637,0,,2
1,25,Cox,0.001,0.01778279410038923,0.5,0.5,0.5,0.18294859958058846,0.4135404317765961,0.40695341427459863,68.81086993217468,4.79472279548645,0,,2
1,1,Cox,0.001,0.31622776601683794,0.7949962769339147,0.8203988734152384,0.8080551665221868,0.11358673651892767,0.23405337697813985,0.11455191230409606,31.546577215194702,0.3639659881591797,0,,3
1,10,Cox,0.001,0.31622776601683794,0.7949962769339147,0.8203988734152384,0.8255185229794488,0.11358673651892767,0.23405337697813985,0.22085148330852417,31.546577215194702,2.7984256744384766,0,,3
1,25,Cox,0.001,0.31622776601683794,0.7949962769339147,0.8203988734152384,0.8269931650326102,0.11358673651892767,0.23405337697813985,0.23300081185855687,31.546577215194702,6.878248691558838,0,,3
1,1,Cox,0.001,5.623413251903491,0.7785934608103512,0.8113304122148183,0.7920757242796139,0.1308824207175243,0.29279832027710695,0.13329723626461074,64.27506065368652,0.3649477958679199,0,,4
1,10,Cox,0.001,5.623413251903491,0.7785934608103512,0.8113304122148183,0.8146197675031027,0.1308824207175243,0.29279832027710695,0.2720654924664242,64.27506065368652,2.8576366901397705,0,,4
1,25,Cox,0.001,5.623413251903491,0.7785934608103512,0.8113304122148183,0.8166604375890165,0.1308824207175243,0.29279832027710695,0.2882701827693974,64.27506065368652,6.87841272354126,0,,4
1,1,Cox,0.001,100.0,0.7821074252522014,0.8055495466233843,0.7924885513491601,0.13404928185201978,0.3019312645468819,0.13692954036097535,66.08843326568604,0.36600351333618164,0,,5
1,10,Cox,0.001,100.0,0.7821074252522014,0.8055495466233843,0.8068509957662442,0.13404928185201978,0.3019312645468819,0.2808027010801534,66.08843326568604,2.8105225563049316,0,,5
1,25,Cox,0.001,100.0,0.7821074252522014,0.8055495466233843,0.808134945891645,0.13404928185201978,0.3019312645468819,0.2976820924659739,66.08843326568604,6.9003705978393555,0,,5
1,1,Cox,0.01778279410038923,0.001,0.5,0.5,0.5,0.18294859958058846,0.4135404317765961,0.18664790308187135,69.03191471099854,0.28578972816467285,0,,6
1,10,Cox,0.01778279410038923,0.001,0.5,0.5,0.5,0.18294859958058846,0.4135404317765961,0.3833544547969226,69.03191471099854,2.0304131507873535,0,,6
1,25,Cox,0.01778279410038923,0.001,0.5,0.5,0.5,0.18294859958058846,0.4135404317765961,0.40695341427459863,69.03191471099854,4.795818090438843,0,,6
1,1,Cox,0.01778279410038923,0.01778279410038923,0.5,0.5,0.5,0.18294859958058846,0.4135404317765961,0.18664790308187135,68.79077959060669,0.3088216781616211,0,,7
1,10,Cox,0.01778279410038923,0.01778279410038923,0.5,0.5,0.5,0.18294859958058846,0.4135404317765961,0.3833544547969226,68.79077959060669,2.1286613941192627,0,,7
1,25,Cox,0.01778279410038923,0.01778279410038923,0.5,0.5,0.5,0.18294859958058846,0.4135404317765961,0.40695341427459863,68.79077959060669,5.044417858123779,0,,7
1,1,Cox,0.01778279410038923,0.31622776601683794,0.7934079725549941,0.8193763916108376,0.8057247834805044,0.11435865589018764,0.23704269335124303,0.11538961651950642,67.59942984580994,0.3749978542327881,0,,8
1,10,Cox,0.01778279410038923,0.31622776601683794,0.7934079725549941,0.8193763916108376,0.8235020743682663,0.11435865589018764,0.23704269335124303,0.22411432703249778,67.59942984580994,2.8566277027130127,0,,8
1,25,Cox,0.01778279410038923,0.31622776601683794,0.7934079725549941,0.8193763916108376,0.8253387518408437,0.11435865589018764,0.23704269335124303,0.23656078610626136,67.59942984580994,7.031674861907959,0,,8
1,1,Cox,0.01778279410038923,5.623413251903491,0.7834302762270454,0.8058568554283932,0.7935277762190995,0.13331542080031186,0.3000198803558335,0.1361740312457985,65.48310494422913,0.3700125217437744,0,,9
1,10,Cox,0.01778279410038923,5.623413251903491,0.7834302762270454,0.8058568554283932,0.8074063491527846,0.13331542080031186,0.3000198803558335,0.27908339115492337,65.48310494422913,2.823509693145752,0,,9
1,25,Cox,0.01778279410038923,5.623413251903491,0.7834302762270454,0.8058568554283932,0.8086501960459734,0.13331542080031186,0.3000198803558335,0.29583339045341583,65.48310494422913,6.965498685836792,0,,9
1,1,Cox,0.01778279410038923,100.0,0.7770779079508899,0.80988053655746,0.7901593134588496,0.1340949548814356,0.30205032052481573,0.13697660484819327,57.067203521728516,0.3709580898284912,0,,10
1,10,Cox,0.01778279410038923,100.0,0.7770779079508899,0.80988053655746,0.8136915545124893,0.1340949548814356,0.30205032052481573,0.28091041828979174,57.067203521728516,2.8405559062957764,0,,10
1,25,Cox,0.01778279410038923,100.0,0.7770779079508899,0.80988053655746,0.8156109073935127,0.1340949548814356,0.30205032052481573,0.2977979613140053,57.067203521728516,6.984576463699341,0,,10
1,1,Cox,0.31622776601683794,0.001,0.5,0.5,0.5,0.18294859958058846,0.4135404317765961,0.18664790308187135,70.81328415870667,0.29578709602355957,0,,11
1,10,Cox,0.31622776601683794,0.001,0.5,0.5,0.5,0.18294859958058846,0.4135404317765961,0.3833544547969226,70.81328415870667,2.0855464935302734,0,,11
1,25,Cox,0.31622776601683794,0.001,0.5,0.5,0.5,0.18294859958058846,0.4135404317765961,0.40695341427459863,70.81328415870667,4.945153713226318,0,,11
1,1,Cox,0.31622776601683794,0.01778279410038923,0.7661133386768743,0.7607923786609939,0.7739141960980113,0.11467626221228303,0.24560928994803433,0.1161148789949253,70.60524344444275,0.3729977607727051,0,,12
1,10,Cox,0.31622776601683794,0.01778279410038923,0.7661133386768743,0.7607923786609939,0.7540666834175356,0.11467626221228303,0.24560928994803433,0.22279027765759432,70.60524344444275,2.90877366065979,0,,12
1,25,Cox,0.31622776601683794,0.01778279410038923,0.7661133386768743,0.7607923786609939,0.7549219057639375,0.11467626221228303,0.24560928994803433,0.2347846058160978,70.60524344444275,7.104990482330322,0,,12
1,1,Cox,0.31622776601683794,0.31622776601683794,0.7932562417595458,0.8049521275408946,0.7978438517395422,0.12526268547836306,0.2793741325777872,0.12809559588864425,67.24658608436584,0.38001465797424316,0,,13
1,10,Cox,0.31622776601683794,0.31622776601683794,0.7932562417595458,0.8049521275408946,0.8057313141549701,0.12526268547836306,0.2793741325777872,0.26187254786307096,67.24658608436584,2.942863702774048,0,,13
1,25,Cox,0.31622776601683794,0.31622776601683794,0.7932562417595458,0.8049521275408946,0.8074867525263248,0.12526268547836306,0.2793741325777872,0.2773566897184441,67.24658608436584,7.0327253341674805,0,,13
1,1,Cox,0.31622776601683794,5.623413251903491,0.7770779079508899,0.8098805366296485,0.7901593134588496,0.13409495488142656,0.3020503205247903,0.13697660484818283,56.87161636352539,0.36998891830444336,0,,14
1,10,Cox,0.31622776601683794,5.623413251903491,0.7770779079508899,0.8098805366296485,0.8136915545124893,0.13409495488142656,0.3020503205247903,0.2809104182897674,56.87161636352539,2.8405420780181885,0,,14
1,25,Cox,0.31622776601683794,5.623413251903491,0.7770779079508899,0.8098805366296485,0.815610907935258,0.13409495488142656,0.3020503205247903,0.2977979613139791,56.87161636352539,7.034785747528076,0,,14
1,1,Cox,0.31622776601683794,100.0,0.7770778135909425,0.8098806400578088,0.7901593134588496,0.1340949549373737,0.30205032068156623,0.1369766049123883,46.8950674533844,0.3699839115142822,0,,15
1,10,Cox,0.31622776601683794,100.0,0.7770778135909425,0.8098806400578088,0.813691742637034,0.1340949549373737,0.30205032068156623,0.28091041844020365,46.8950674533844,2.836544990539551,0,,15
1,25,Cox,0.31622776601683794,100.0,0.7770778135909425,0.8098806400578088,0.8156110319949298,0.1340949549373737,0.30205032068156623,0.29779796147584847,46.8950674533844,6.95952296257019,0,,15
1,,Cox,5.623413251903491,0.001,,,,,,,,,1,FIT_ERROR$Matrix is singular.,16
1,,Cox,5.623413251903491,0.01778279410038923,,,,,,,,,1,FIT_ERROR$Matrix is singular.,17
1,,Cox,5.623413251903491,0.31622776601683794,,,,,,,,,1,FIT_ERROR$Matrix is singular.,18
1,,Cox,5.623413251903491,5.623413251903491,,,,,,,,,1,FIT_ERROR$Matrix is singular.,19
1,,Cox,5.623413251903491,100.0,,,,,,,,,1,FIT_ERROR$Matrix is singular.,20
1,,Cox,100.0,0.001,,,,,,,,,1,FIT_ERROR$Matrix is singular.,21
1,,Cox,100.0,0.01778279410038923,,,,,,,,,1,FIT_ERROR$Matrix is singular.,22
1,,Cox,100.0,0.31622776601683794,,,,,,,,,1,FIT_ERROR$Matrix is singular.,23
1,,Cox,100.0,5.623413251903491,,,,,,,,,1,FIT_ERROR$Matrix is singular.,24
1,,Cox,100.0,100.0,,,,,,,,,1,FIT_ERROR$Matrix is singular.,25
2,,Cox,0.001,0.001,,,,,,,,,1,"FIT_ERROR$hessian or gradient contains nan or inf value(s). Convergence halted. Please see the following tips in the lifelines documentation:
https://lifelines.readthedocs.io/en/latest/Examples.html#problems-with-convergence-in-the-cox-proportional-hazard-model
array must not contain infs or NaNs",26
2,1,Cox,0.001,0.01778279410038923,0.2026295520199,0.18378224296061232,0.2093047556991321,0.26126007224525133,0.4095646969231005,0.18841797723387577,79.7715973854065,0.366976261138916,0,,27
2,10,Cox,0.001,0.01778279410038923,0.2026295520199,0.18378224296061232,0.18157632825480746,0.26126007224525133,0.4095646969231005,0.38094198716847294,79.7715973854065,2.815487861633301,0,,27
2,25,Cox,0.001,0.01778279410038923,0.2026295520199,0.18378224296061232,0.17866652495332175,0.26126007224525133,0.4095646969231005,0.4043260517959329,79.7715973854065,6.88231348991394,0,,27
2,1,Cox,0.001,0.31622776601683794,0.8033264981773537,0.8145761232539349,0.7985498375602779,0.16348838248702838,0.24625532999322902,0.1205977573054253,42.79805302619934,0.37599968910217285,0,,28
2,10,Cox,0.001,0.31622776601683794,0.8033264981773537,0.8145761232539349,0.8209583126582837,0.16348838248702838,0.24625532999322902,0.2292901091079958,42.79805302619934,2.8465707302093506,0,,28
2,25,Cox,0.001,0.31622776601683794,0.8033264981773537,0.8145761232539349,0.8222640190151297,0.16348838248702838,0.24625532999322902,0.24154673776460775,42.79805302619934,6.958516359329224,0,,28
2,1,Cox,0.001,5.623413251903491,0.7970518766363219,0.8103856061137552,0.7911137971272733,0.1895557881676938,0.2968407798908214,0.13497386768503572,72.657386302948,0.38605570793151855,0,,29
2,10,Cox,0.001,5.623413251903491,0.7970518766363219,0.8103856061137552,0.8138660757064935,0.1895557881676938,0.2968407798908214,0.2758297814148607,72.657386302948,2.911716938018799,0,,29
2,25,Cox,0.001,5.623413251903491,0.7970518766363219,0.8103856061137552,0.8155105322841973,0.1895557881676938,0.2968407798908214,0.292301405906976,72.657386302948,7.0798423290252686,0,,29
2,1,Cox,0.001,100.0,0.7942584890737133,0.8079162293627816,0.7859949704951749,0.19246438972107371,0.30205031973931185,0.13697660468929512,74.6476674079895,0.36700868606567383,0,,30
2,10,Cox,0.001,100.0,0.7942584890737133,0.8079162293627816,0.8114660735839296,0.19246438972107371,0.30205031973931185,0.28091041755413637,74.6476674079895,2.8365492820739746,0,,30
2,25,Cox,0.001,100.0,0.7942584890737133,0.8079162293627816,0.8130370933921913,0.19246438972107371,0.30205031973931185,0.29779796049353086,74.6476674079895,7.021198987960815,0,,30
2,,Cox,0.01778279410038923,0.001,,,,,,,,,1,"FIT_ERROR$hessian or gradient contains nan or inf value(s). Convergence halted. Please see the following tips in the lifelines documentation:
https://lifelines.readthedocs.io/en/latest/Examples.html#problems-with-convergence-in-the-cox-proportional-hazard-model
array must not contain infs or NaNs",31
2,1,Cox,0.01778279410038923,0.01778279410038923,0.20074311408251438,0.18141571014783178,0.20965230914048374,0.2625275306836218,0.4098151454200952,0.18954408794716815,79.4959921836853,0.3639683723449707,0,,32
2,10,Cox,0.01778279410038923,0.01778279410038923,0.20074311408251438,0.18141571014783178,0.18001852728360865,0.2625275306836218,0.4098151454200952,0.3815223019750693,79.4959921836853,2.7944676876068115,0,,32
2,25,Cox,0.01778279410038923,0.01778279410038923,0.20074311408251438,0.18141571014783178,0.17693413565305344,0.2625275306836218,0.4098151454200952,0.4048610677998842,79.4959921836853,6.921387672424316,0,,32
2,1,Cox,0.01778279410038923,0.31622776601683794,0.8016560283793771,0.8148434889101764,0.7954510579480949,0.1656909172932983,0.2505382386341459,0.12168708725377039,72.8546576499939,0.3709869384765625,0,,33
2,10,Cox,0.01778279410038923,0.31622776601683794,0.8016560283793771,0.8148434889101764,0.8189138464640471,0.1656909172932983,0.2505382386341459,0.23342579197342486,72.8546576499939,2.8525893688201904,0,,33
2,25,Cox,0.01778279410038923,0.31622776601683794,0.8016560283793771,0.8148434889101764,0.820499476590078,0.1656909172932983,0.2505382386341459,0.24605646562403763,72.8546576499939,6.979573726654053,0,,33
2,1,Cox,0.01778279410038923,5.623413251903491,0.7943569222330513,0.8080060369041677,0.7860024139790919,0.1924643896754828,0.3020503196587741,0.1369766046545728,74.22862005233765,0.3709876537322998,0,,34
2,10,Cox,0.01778279410038923,5.623413251903491,0.7943569222330513,0.8080060369041677,0.811560742395761,0.1924643896754828,0.3020503196587741,0.2809104174733609,74.22862005233765,2.8575782775878906,0,,34
2,25,Cox,0.01778279410038923,5.623413251903491,0.7943569222330513,0.8080060369041677,0.8131371282854638,0.1924643896754828,0.3020503196587741,0.2977979604068431,74.22862005233765,6.972584009170532,0,,34
2,1,Cox,0.01778279410038923,100.0,0.7955984903391964,0.808832930634438,0.7886545845562596,0.1924643904913705,0.302050321120746,0.13697660516960938,63.27203345298767,0.3770029544830322,0,,35
2,10,Cox,0.01778279410038923,100.0,0.7955984903391964,0.808832930634438,0.8127927376037488,0.1924643904913705,0.302050321120746,0.28091041885509993,63.27203345298767,2.901751756668091,0,,35
2,25,Cox,0.01778279410038923,100.0,0.7955984903391964,0.808832930634438,0.8143469376176126,0.1924643904913705,0.302050321120746,0.2977979619087863,63.27203345298767,7.25129508972168,0,,35
2,,Cox,0.31622776601683794,0.001,,,,,,,,,1,"FIT_ERROR$hessian or gradient contains nan or inf value(s). Convergence halted. Please see the following tips in the lifelines documentation:
https://lifelines.readthedocs.io/en/latest/Examples.html#problems-with-convergence-in-the-cox-proportional-hazard-model
array must not contain infs or NaNs",36
2,1,Cox,0.31622776601683794,0.01778279410038923,0.49830351515000976,0.4839227011886615,0.5113659136532963,0.2413214200910602,0.36396686957145863,0.1805095259852388,84.12787985801697,0.3669776916503906,0,,37
2,10,Cox,0.31622776601683794,0.01778279410038923,0.49830351515000976,0.4839227011886615,0.4992282385165194,0.2413214200910602,0.36396686957145863,0.3298888910290959,84.12787985801697,2.8205406665802,0,,37
2,25,Cox,0.31622776601683794,0.01778279410038923,0.49830351515000976,0.4839227011886615,0.49509205745007284,0.2413214200910602,0.36396686957145863,0.3466577032894674,84.12787985801697,6.940445184707642,0,,37
2,1,Cox,0.31622776601683794,0.31622776601683794,0.7944888212598019,0.8081140798895666,0.7863081693953715,0.19246439053299427,0.3020503211863128,0.13697660522464436,76.546795129776,0.3709852695465088,0,,38
2,10,Cox,0.31622776601683794,0.31622776601683794,0.7944888212598019,0.8081140798895666,0.8116321421475288,0.19246439053299427,0.3020503211863128,0.2809104189305039,76.546795129776,2.8525946140289307,0,,38
2,25,Cox,0.31622776601683794,0.31622776601683794,0.7944888212598019,0.8081140798895666,0.8132420134243291,0.19246439053299427,0.3020503211863128,0.29779796198457137,76.546795129776,7.045743703842163,0,,38
2,1,Cox,0.31622776601683794,5.623413251903491,0.7955984903391964,0.8088329300930238,0.7886545845562596,0.19246439049135206,0.3020503211207133,0.13697660516959675,63.44933080673218,0.4883108139038086,0,,39
2,10,Cox,0.31622776601683794,5.623413251903491,0.7955984903391964,0.8088329300930238,0.8127927408472755,0.19246439049135206,0.3020503211207133,0.2809104188550684,63.44933080673218,3.2088828086853027,0,,39
2,25,Cox,0.31622776601683794,5.623413251903491,0.7955984903391964,0.8088329300930238,0.8143469392428484,0.19246439049135206,0.3020503211207133,0.29779796190875235,63.44933080673218,7.456843376159668,0,,39
2,1,Cox,0.31622776601683794,100.0,0.795598510435799,0.8088329430057526,0.7886545845562596,0.1924643905664552,0.30205032125405756,0.13697660522117422,52.859874963760376,0.3689453601837158,0,,40
2,10,Cox,0.31622776601683794,100.0,0.795598510435799,0.8088329430057526,0.8127927084120091,0.1924643905664552,0.30205032125405756,0.2809104189832823,52.859874963760376,2.856631278991699,0,,40
2,25,Cox,0.31622776601683794,100.0,0.795598510435799,0.8088329430057526,0.8143469343671408,0.1924643905664552,0.30205032125405756,0.29779796204723924,52.859874963760376,6.971554756164551,0,,40
2,,Cox,5.623413251903491,0.001,,,,,,,,,1,FIT_ERROR$Matrix is singular.,41
2,,Cox,5.623413251903491,0.01778279410038923,,,,,,,,,1,FIT_ERROR$Matrix is singular.,42
2,,Cox,5.623413251903491,0.31622776601683794,,,,,,,,,1,FIT_ERROR$Matrix is singular.,43
2,,Cox,5.623413251903491,5.623413251903491,,,,,,,,,1,FIT_ERROR$Matrix is singular.,44
2,,Cox,5.623413251903491,100.0,,,,,,,,,1,FIT_ERROR$Matrix is singular.,45
2,,Cox,100.0,0.001,,,,,,,,,1,FIT_ERROR$Matrix is singular.,46
2,,Cox,100.0,0.01778279410038923,,,,,,,,,1,FIT_ERROR$Matrix is singular.,47
2,,Cox,100.0,0.31622776601683794,,,,,,,,,1,FIT_ERROR$Matrix is singular.,48
2,,Cox,100.0,5.623413251903491,,,,,,,,,1,FIT_ERROR$Matrix is singular.,49
2,,Cox,100.0,100.0,,,,,,,,,1,FIT_ERROR$Matrix is singular.,50
5,,Cox,0.001,0.001,,,,,,,,,1,"FIT_ERROR$hessian or gradient contains nan or inf value(s). Convergence halted. Please see the following tips in the lifelines documentation:
https://lifelines.readthedocs.io/en/latest/Examples.html#problems-with-convergence-in-the-cox-proportional-hazard-model
array must not contain infs or NaNs",51
5,1,Cox,0.001,0.01778279410038923,0.8161070548572811,0.8176096504297797,0.8024857228252716,0.18233048446831862,0.20760494007331728,0.11620552253296809,101.88512539863586,0.3670039176940918,0,,52
5,10,Cox,0.001,0.01778279410038923,0.8161070548572811,0.8176096504297797,0.8290356735189864,0.18233048446831862,0.20760494007331728,0.19495241948715844,101.88512539863586,2.872676134109497,0,,52
5,25,Cox,0.001,0.01778279410038923,0.8161070548572811,0.8176096504297797,0.8306069040854209,0.18233048446831862,0.20760494007331728,0.20307558076668505,101.88512539863586,6.979567289352417,0,,52
5,1,Cox,0.001,0.31622776601683794,0.8078376289880772,0.8120264254407965,0.7922503598638186,0.22684805453232476,0.26902677729997126,0.12650974917024274,82.46698427200317,0.3810133934020996,0,,53
5,10,Cox,0.001,0.31622776601683794,0.8078376289880772,0.8120264254407965,0.816301438756408,0.22684805453232476,0.26902677729997126,0.2510280730704156,82.46698427200317,2.8736462593078613,0,,53
5,25,Cox,0.001,0.31622776601683794,0.8078376289880772,0.8120264254407965,0.8178538569591227,0.22684805453232476,0.26902677729997126,0.2653474956470732,82.46698427200317,6.973560810089111,0,,53
5,1,Cox,0.001,5.623413251903491,0.8062342124673233,0.8107976401540118,0.7903946420657615,0.2507419467626334,0.30010743261839024,0.1362608815046993,91.77923274040222,0.37697362899780273,0,,54
5,10,Cox,0.001,5.623413251903491,0.8062342124673233,0.8107976401540118,0.8137186249857666,0.2507419467626334,0.30010743261839024,0.27907382379285245,91.77923274040222,2.891697883605957,0,,54
5,25,Cox,0.001,5.623413251903491,0.8062342124673233,0.8107976401540118,0.8154832586592526,0.2507419467626334,0.30010743261839024,0.2958090396367717,91.77923274040222,6.966541051864624,0,,54
5,1,Cox,0.001,100.0,0.8045906537273557,0.8088667021214755,0.7877785437568064,0.25223398543121034,0.3020173768501887,0.1369678028263001,88.20703768730164,0.36594629287719727,0,,55
5,10,Cox,0.001,100.0,0.8045906537273557,0.8088667021214755,0.8127062392355054,0.25223398543121034,0.3020173768501887,0.28088091571872065,88.20703768730164,2.838554620742798,0,,55
5,25,Cox,0.001,100.0,0.8045906537273557,0.8088667021214755,0.8142609870184231,0.25223398543121034,0.3020173768501887,0.29776583146490654,88.20703768730164,6.9735329151153564,0,,55
5,,Cox,0.01778279410038923,0.001,,,,,,,,,1,"FIT_ERROR$hessian or gradient contains nan or inf value(s). Convergence halted. Please see the following tips in the lifelines documentation:
https://lifelines.readthedocs.io/en/latest/Examples.html#problems-with-convergence-in-the-cox-proportional-hazard-model
array must not contain infs or NaNs",56
5,1,Cox,0.01778279410038923,0.01778279410038923,0.7200414314434352,0.7275405310241162,0.7529161279683755,0.23250269952337896,0.27767981525515784,0.1314038287005269,98.21810245513916,0.3709862232208252,0,,57
5,10,Cox,0.01778279410038923,0.01778279410038923,0.7200414314434352,0.7275405310241162,0.7335909484900272,0.23250269952337896,0.27767981525515784,0.24890140854062273,98.21810245513916,2.8656275272369385,0,,57
5,25,Cox,0.01778279410038923,0.01778279410038923,0.7200414314434352,0.7275405310241162,0.7335455228649532,0.23250269952337896,0.27767981525515784,0.26366497249398657,98.21810245513916,7.013638257980347,0,,57
5,1,Cox,0.01778279410038923,0.31622776601683794,0.8071512550420737,0.8119255999488995,0.7906105030993522,0.2316263719242458,0.27525807277809095,0.12845649836239242,89.75748753547668,0.38001108169555664,0,,58
5,10,Cox,0.01778279410038923,0.31622776601683794,0.8071512550420737,0.8119255999488995,0.8145410471117248,0.2316263719242458,0.27525807277809095,0.2566243413648608,89.75748753547668,2.866630792617798,0,,58
5,25,Cox,0.01778279410038923,0.31622776601683794,0.8071512550420737,0.8119255999488995,0.8163268893471319,0.2316263719242458,0.27525807277809095,0.2713937373797941,89.75748753547668,6.971585035324097,0,,58
5,1,Cox,0.01778279410038923,5.623413251903491,0.8045906553774994,0.8088667048104993,0.7877785437568064,0.252233985431154,0.30201737685011676,0.1369678028262727,88.3919267654419,0.3739948272705078,0,,59
5,10,Cox,0.01778279410038923,5.623413251903491,0.8045906553774994,0.8088667048104993,0.8127062424790321,0.252233985431154,0.30201737685011676,0.2808809157186525,88.3919267654419,2.902726888656616,0,,59
5,25,Cox,0.01778279410038923,5.623413251903491,0.8045906553774994,0.8088667048104993,0.8142609935193665,0.252233985431154,0.30201737685011676,0.29776583146483293,88.3919267654419,6.9896039962768555,0,,59
5,1,Cox,0.01778279410038923,100.0,0.8046379476690971,0.8089013321560877,0.7878838976830153,0.2522339855502134,0.3020173770022467,0.1369678028823203,74.7007565498352,0.36600208282470703,0,,60
5,10,Cox,0.01778279410038923,100.0,0.8046379476690971,0.8089013321560877,0.8127518075411696,0.2522339855502134,0.3020173770022467,0.2808809158615434,74.7007565498352,2.8375535011291504,0,,60
5,25,Cox,0.01778279410038923,100.0,0.8046379476690971,0.8089013321560877,0.8143067314490742,0.2522339855502134,0.3020173770022467,0.29776583161948944,74.7007565498352,7.004670143127441,0,,60
5,,Cox,0.31622776601683794,0.001,,,,,,,,,1,"FIT_ERROR$hessian or gradient contains nan or inf value(s). Convergence halted. Please see the following tips in the lifelines documentation:
https://lifelines.readthedocs.io/en/latest/Examples.html#problems-with-convergence-in-the-cox-proportional-hazard-model
array must not contain infs or NaNs",61
5,1,Cox,0.31622776601683794,0.01778279410038923,0.46951358885942884,0.4659138371976428,0.4813305971849889,0.30598506755226806,0.3609765447804472,0.17947960578356317,97.96065926551819,0.37299251556396484,0,,62
5,10,Cox,0.31622776601683794,0.01778279410038923,0.46951358885942884,0.4659138371976428,0.4657323227620119,0.30598506755226806,0.3609765447804472,0.3318593077257834,97.96065926551819,2.841536283493042,0,,62
5,25,Cox,0.31622776601683794,0.01778279410038923,0.46951358885942884,0.4659138371976428,0.461907535227895,0.30598506755226806,0.3609765447804472,0.349672383246414,97.96065926551819,7.107919692993164,0,,62
5,1,Cox,0.31622776601683794,0.31622776601683794,0.8045906545524276,0.8088667054150785,0.7877785437568064,0.2522339854311507,0.30201737685011254,0.1369678028262711,88.16151809692383,0.36998414993286133,0,,63
5,10,Cox,0.31622776601683794,0.31622776601683794,0.8045906545524276,0.8088667054150785,0.8127062359919788,0.2522339854311507,0.30201737685011254,0.2808809157186486,88.16151809692383,2.8556015491485596,0,,63
5,25,Cox,0.31622776601683794,0.31622776601683794,0.8045906545524276,0.8088667054150785,0.8142609918941307,0.2522339854311507,0.30201737685011254,0.29776583146482866,88.16151809692383,7.042746067047119,0,,63
5,1,Cox,0.31622776601683794,5.623413251903491,0.8046379493192407,0.8089013322012056,0.7878838976830153,0.25223398555015913,0.30201737700217735,0.13696780288229396,74.84864592552185,0.3739912509918213,0,,64
5,10,Cox,0.31622776601683794,5.623413251903491,0.8046379493192407,0.8089013322012056,0.8127518172717495,0.25223398555015913,0.30201737700217735,0.2808809158614779,74.84864592552185,2.8686039447784424,0,,64
5,25,Cox,0.31622776601683794,5.623413251903491,0.8046379493192407,0.8089013322012056,0.8143067352412913,0.25223398555015913,0.30201737700217735,0.29776583161941866,74.84864592552185,7.047788143157959,0,,64
5,1,Cox,0.31622776601683794,100.0,0.8046379542696717,0.808901332508007,0.7878838976830153,0.25223398564881605,0.302017377128046,0.1369678029301581,61.169947147369385,0.3659484386444092,0,,65
5,10,Cox,0.31622776601683794,100.0,0.8046379542696717,0.808901332508007,0.8127518075411696,0.25223398564881605,0.302017377128046,0.2808809159805345,61.169947147369385,2.889733076095581,0,,65
5,25,Cox,0.31622776601683794,100.0,0.8046379542696717,0.808901332508007,0.8143067303655837,0.25223398564881605,0.302017377128046,0.29776583174803833,61.169947147369385,6.983619213104248,0,,65
5,,Cox,5.623413251903491,0.001,,,,,,,,,1,FIT_ERROR$Matrix is singular.,66
5,,Cox,5.623413251903491,0.01778279410038923,,,,,,,,,1,FIT_ERROR$Matrix is singular.,67
5,,Cox,5.623413251903491,0.31622776601683794,,,,,,,,,1,FIT_ERROR$Matrix is singular.,68
5,,Cox,5.623413251903491,5.623413251903491,,,,,,,,,1,FIT_ERROR$Matrix is singular.,69
5,,Cox,5.623413251903491,100.0,,,,,,,,,1,FIT_ERROR$Matrix is singular.,70
5,,Cox,100.0,0.001,,,,,,,,,1,FIT_ERROR$Matrix is singular.,71
5,,Cox,100.0,0.01778279410038923,,,,,,,,,1,FIT_ERROR$Matrix is singular.,72
5,,Cox,100.0,0.31622776601683794,,,,,,,,,1,FIT_ERROR$Matrix is singular.,73
5,,Cox,100.0,5.623413251903491,,,,,,,,,1,FIT_ERROR$Matrix is singular.,74
5,,Cox,100.0,100.0,,,,,,,,,1,FIT_ERROR$Matrix is singular.,75
10,,Cox,0.001,0.001,,,,,,,,,1,"FIT_ERROR$hessian or gradient contains nan or inf value(s). Convergence halted. Please see the following tips in the lifelines documentation:
https://lifelines.readthedocs.io/en/latest/Examples.html#problems-with-convergence-in-the-cox-proportional-hazard-model
array must not contain infs or NaNs",76
10,1,Cox,0.001,0.01778279410038923,0.8184062968316975,0.8189970099905519,0.8009815664983676,0.20603693645773222,0.21671043835511541,0.11655003471774697,93.7766056060791,0.36497044563293457,0,,77
10,10,Cox,0.001,0.01778279410038923,0.8184062968316975,0.8189970099905519,0.8272406215487053,0.20603693645773222,0.21671043835511541,0.20438309955374273,93.7766056060791,2.857607126235962,0,,77
10,25,Cox,0.001,0.01778279410038923,0.8184062968316975,0.8189970099905519,0.8287381244488724,0.20603693645773222,0.21671043835511541,0.2137382860604272,93.7766056060791,7.017678737640381,0,,77
10,1,Cox,0.001,0.31622776601683794,0.8092801456344482,0.8112648397718824,0.7901169428580916,0.2630762071058132,0.28281994842003505,0.13049060744510216,109.726717710495,0.37299203872680664,0,,78
10,10,Cox,0.001,0.31622776601683794,0.8092801456344482,0.8112648397718824,0.814497596828952,0.2630762071058132,0.28281994842003505,0.2634399338588017,109.726717710495,2.8626205921173096,0,,78
10,25,Cox,0.001,0.31622776601683794,0.8092801456344482,0.8112648397718824,0.8161818207930305,0.2630762071058132,0.28281994842003505,0.27886735399523294,109.726717710495,6.990606307983398,0,,78
10,1,Cox,0.001,5.623413251903491,0.8079931353806136,0.8104172630354282,0.7877115524015542,0.27932695575506733,0.30123276015364775,0.13669869315075564,113.91169834136963,0.37602710723876953,0,,79
10,10,Cox,0.001,5.623413251903491,0.8079931353806136,0.8104172630354282,0.8116324405519789,0.27932695575506733,0.30123276015364775,0.28016025199663874,113.91169834136963,2.9448115825653076,0,,79
10,25,Cox,0.001,5.623413251903491,0.8079931353806136,0.8104172630354282,0.8134774943918393,0.27932695575506733,0.30123276015364775,0.2969838011736594,113.91169834136963,7.354600429534912,0,,79
10,1,Cox,0.001,100.0,0.8073029159591831,0.8092743356373129,0.7875506586338115,0.279967821326409,0.3019551571675412,0.13695171416561297,107.85381317138672,0.3710172176361084,0,,80
10,10,Cox,0.001,100.0,0.8073029159591831,0.8092743356373129,0.8124860167512452,0.279967821326409,0.3019551571675412,0.2808248040238971,107.85381317138672,2.8415586948394775,0,,80
10,25,Cox,0.001,100.0,0.8073029159591831,0.8092743356373129,0.8141062521030891,0.279967821326409,0.3019551571675412,0.29770492159440476,107.85381317138672,6.97757363319397,0,,80
10,,Cox,0.01778279410038923,0.001,,,,,,,,,1,"FIT_ERROR$hessian or gradient contains nan or inf value(s). Convergence halted. Please see the following tips in the lifelines documentation:
https://lifelines.readthedocs.io/en/latest/Examples.html#problems-with-convergence-in-the-cox-proportional-hazard-model
array must not contain infs or NaNs",81
10,1,Cox,0.01778279410038923,0.01778279410038923,0.8172562917389616,0.8175836060152936,0.799349725793504,0.20637012657883283,0.217216430664923,0.11722724859042691,123.90331315994263,0.36901068687438965,0,,82
10,10,Cox,0.01778279410038923,0.01778279410038923,0.8172562917389616,0.8175836060152936,0.8258512958378671,0.20637012657883283,0.217216430664923,0.20486234930264693,123.90331315994263,2.8686013221740723,0,,82
10,25,Cox,0.01778279410038923,0.01778279410038923,0.8172562917389616,0.8175836060152936,0.827467873678065,0.20637012657883283,0.217216430664923,0.2141191031887392,123.90331315994263,7.008684158325195,0,,82
10,1,Cox,0.01778279410038923,0.31622776601683794,0.8084608123349251,0.8109602358993102,0.7872992979076939,0.26977641575836725,0.2904285980317557,0.13309516751412515,114.58841705322266,0.37600207328796387,0,,83
10,10,Cox,0.01778279410038923,0.31622776601683794,0.8084608123349251,0.8109602358993102,0.8117495707857424,0.26977641575836725,0.2904285980317557,0.27024355857749693,114.58841705322266,2.8596115112304688,0,,83
10,25,Cox,0.01778279410038923,0.31622776601683794,0.8084608123349251,0.8109602358993102,0.8136526926520611,0.26977641575836725,0.2904285980317557,0.28619700624225325,114.58841705322266,7.0036163330078125,0,,83
10,1,Cox,0.01778279410038923,5.623413251903491,0.8073029218182181,0.8092743400047208,0.7875506586338115,0.2799678213262419,0.30195515716735294,0.13695171416554122,106.64793086051941,0.39404845237731934,0,,84
10,10,Cox,0.01778279410038923,5.623413251903491,0.8073029218182181,0.8092743400047208,0.8124860167512452,0.2799678213262419,0.30195515716735294,0.2808248040237199,106.64793086051941,2.865628242492676,0,,84
10,25,Cox,0.01778279410038923,5.623413251903491,0.8073029218182181,0.8092743400047208,0.8141062537283249,0.2799678213262419,0.30195515716735294,0.2977049215942134,106.64793086051941,7.098894834518433,0,,84
10,1,Cox,0.01778279410038923,100.0,0.8073063524924036,0.8092767118501153,0.787554094087927,0.27996782146024585,0.3019551573182851,0.13695171422271513,89.37442278862,0.3699836730957031,0,,85
10,10,Cox,0.01778279410038923,100.0,0.8073063524924036,0.8092767118501153,0.8124893283919373,0.27996782146024585,0.3019551573182851,0.2808248041655779,89.37442278862,2.8696365356445312,0,,85
10,25,Cox,0.01778279410038923,100.0,0.8073063524924036,0.8092767118501153,0.8141093563036081,0.27996782146024585,0.3019551573182851,0.2977049217474675,89.37442278862,7.063804864883423,0,,85
10,,Cox,0.31622776601683794,0.001,,,,,,,,,1,"FIT_ERROR$hessian or gradient contains nan or inf value(s). Convergence halted. Please see the following tips in the lifelines documentation:
https://lifelines.readthedocs.io/en/latest/Examples.html#problems-with-convergence-in-the-cox-proportional-hazard-model
array must not contain infs or NaNs",86
10,1,Cox,0.31622776601683794,0.01778279410038923,0.3829990379293107,0.3702069056723181,0.47945569810145355,0.31437772201279424,0.3414087052953011,0.14533137055223208,123.0707802772522,0.37603116035461426,0,,87
10,10,Cox,0.31622776601683794,0.01778279410038923,0.3829990379293107,0.3702069056723181,0.39204647179649477,0.31437772201279424,0.3414087052953011,0.31055015238019595,123.0707802772522,2.8495585918426514,0,,87
10,25,Cox,0.31622776601683794,0.01778279410038923,0.3829990379293107,0.3702069056723181,0.38231118574386863,0.31437772201279424,0.3414087052953011,0.33240792666575364,123.0707802772522,7.0177061557769775,0,,87
10,1,Cox,0.31622776601683794,0.31622776601683794,0.8073029228644742,0.8092743406995356,0.7875506586338115,0.2799678213262325,0.30195515716734245,0.13695171416553722,107.1930878162384,0.38602566719055176,0,,88
10,10,Cox,0.31622776601683794,0.31622776601683794,0.8073029228644742,0.8092743406995356,0.8124860199947719,0.2799678213262325,0.30195515716734245,0.28082480402370996,107.1930878162384,2.9438369274139404,0,,88
10,25,Cox,0.31622776601683794,0.31622776601683794,0.8073029228644742,0.8092743406995356,0.814106257520542,0.2799678213262325,0.30195515716734245,0.2977049215942027,107.1930878162384,7.382648944854736,0,,88
10,1,Cox,0.31622776601683794,5.623413251903491,0.8073063547941672,0.8092767116335496,0.787554094087927,0.27996782146008814,0.30195515731810746,0.13695171422264762,99.38837218284607,0.3850266933441162,0,,89
10,10,Cox,0.31622776601683794,5.623413251903491,0.8073063547941672,0.8092767116335496,0.8124893283919373,0.27996782146008814,0.30195515731810746,0.2808248041654109,99.38837218284607,3.030217170715332,0,,89
10,25,Cox,0.31622776601683794,5.623413251903491,0.8073063547941672,0.8092767116335496,0.8141093584705893,0.27996782146008814,0.30195515731810746,0.297704921747287,99.38837218284607,7.472893238067627,0,,89
10,1,Cox,0.31622776601683794,100.0,0.8073063552126698,0.8092767117689033,0.787554094087927,0.2799678215873041,0.3019551574613847,0.13695171427708108,80.38818287849426,0.37903642654418945,0,,90
10,10,Cox,0.31622776601683794,100.0,0.8073063552126698,0.8092767117689033,0.8124893283919373,0.2799678215873041,0.3019551574613847,0.2808248043001653,80.38818287849426,2.934807538986206,0,,90
10,25,Cox,0.31622776601683794,100.0,0.8073063552126698,0.8092767117689033,0.8141093595540799,0.2799678215873041,0.3019551574613847,0.2977049218928414,80.38818287849426,7.244282245635986,0,,90
10,,Cox,5.623413251903491,0.001,,,,,,,,,1,FIT_ERROR$Matrix is singular.,91
10,,Cox,5.623413251903491,0.01778279410038923,,,,,,,,,1,FIT_ERROR$Matrix is singular.,92
10,,Cox,5.623413251903491,0.31622776601683794,,,,,,,,,1,FIT_ERROR$Matrix is singular.,93
10,,Cox,5.623413251903491,5.623413251903491,,,,,,,,,1,FIT_ERROR$Matrix is singular.,94
10,,Cox,5.623413251903491,100.0,,,,,,,,,1,FIT_ERROR$Matrix is singular.,95
10,,Cox,100.0,0.001,,,,,,,,,1,FIT_ERROR$Matrix is singular.,96
10,,Cox,100.0,0.01778279410038923,,,,,,,,,1,FIT_ERROR$Matrix is singular.,97
10,,Cox,100.0,0.31622776601683794,,,,,,,,,1,FIT_ERROR$Matrix is singular.,98
10,,Cox,100.0,5.623413251903491,,,,,,,,,1,FIT_ERROR$Matrix is singular.,99
10,,Cox,100.0,100.0,,,,,,,,,1,FIT_ERROR$Matrix is singular.,100
15,,Cox,0.001,0.001,,,,,,,,,1,"FIT_ERROR$hessian or gradient contains nan or inf value(s). Convergence halted. Please see the following tips in the lifelines documentation:
https://lifelines.readthedocs.io/en/latest/Examples.html#problems-with-convergence-in-the-cox-proportional-hazard-model
array must not contain infs or NaNs",101
15,1,Cox,0.001,0.01778279410038923,0.8180566696387143,0.8187580024733764,0.8002292020470726,0.21891813222596354,0.22430866500760954,0.11730738586455457,91.81222605705261,0.39708566665649414,0,,102
15,10,Cox,0.001,0.01778279410038923,0.8180566696387143,0.8187580024733764,0.825263309329874,0.21891813222596354,0.22430866500760954,0.21132438241640783,91.81222605705261,2.930769205093384,0,,102
15,25,Cox,0.001,0.01778279410038923,0.8180566696387143,0.8187580024733764,0.8267072968773027,0.21891813222596354,0.22430866500760954,0.22156847567181145,91.81222605705261,7.14708137512207,0,,102
15,1,Cox,0.001,0.31622776601683794,0.8094779400911194,0.8110231330883313,0.7897756877492852,0.2775526821590122,0.28854933219850315,0.13223321383560604,134.7088589668274,0.36995983123779297,0,,103
15,10,Cox,0.001,0.31622776601683794,0.8094779400911194,0.8110231330883313,0.8142198925657053,0.2775526821590122,0.28854933219850315,0.2684764714498454,134.7088589668274,2.878662586212158,0,,103
15,25,Cox,0.001,0.31622776601683794,0.8094779400911194,0.8110231330883313,0.8159318042576098,0.2775526821590122,0.28854933219850315,0.28433924292944984,134.7088589668274,7.016704559326172,0,,103
15,1,Cox,0.001,5.623413251903491,0.8149121857776244,0.8173241502130388,0.7929179831135978,0.2896486485497142,0.30162358656987165,0.1368463681385239,143.2013885974884,0.375030517578125,0,,104
15,10,Cox,0.001,5.623413251903491,0.8149121857776244,0.8173241502130388,0.8168718258888915,0.2896486485497142,0.30162358656987165,0.28053107838299773,143.2013885974884,2.858609199523926,0,,104
15,25,Cox,0.001,5.623413251903491,0.8149121857776244,0.8173241502130388,0.8192603577541799,0.2896486485497142,0.30162358656987165,0.29738507584317686,143.2013885974884,7.086891412734985,0,,104
15,1,Cox,0.001,100.0,0.8078797294341672,0.8093894470107418,0.787761366486229,0.28995547529181265,0.3019551571129646,0.13695171414126117,127.39183187484741,0.37795233726501465,0,,105
15,10,Cox,0.001,100.0,0.8078797294341672,0.8093894470107418,0.8127144713060995,0.28995547529181265,0.3019551571129646,0.2808248039731554,127.39183187484741,2.857436418533325,0,,105
15,25,Cox,0.001,100.0,0.8078797294341672,0.8093894470107418,0.8143327379317826,0.28995547529181265,0.3019551571129646,0.29770492154066636,127.39183187484741,6.980192422866821,0,,105
15,,Cox,0.01778279410038923,0.001,,,,,,,,,1,"FIT_ERROR$hessian or gradient contains nan or inf value(s). Convergence halted. Please see the following tips in the lifelines documentation:
https://lifelines.readthedocs.io/en/latest/Examples.html#problems-with-convergence-in-the-cox-proportional-hazard-model
array must not contain infs or NaNs",106
15,1,Cox,0.01778279410038923,0.01778279410038923,0.8178736040322527,0.8189218785730329,0.7981518974585655,0.22065677037082765,0.22623135973667916,0.1178550168533842,141.84344172477722,0.3729538917541504,0,,107
15,10,Cox,0.01778279410038923,0.01778279410038923,0.8178736040322527,0.8189218785730329,0.823589461462807,0.22065677037082765,0.22623135973667916,0.21337998807762715,141.84344172477722,2.831489086151123,0,,107
15,25,Cox,0.01778279410038923,0.01778279410038923,0.8178736040322527,0.8189218785730329,0.8252977438892742,0.22065677037082765,0.22623135973667916,0.22378838736969114,141.84344172477722,6.9743452072143555,0,,107
15,1,Cox,0.01778279410038923,0.31622776601683794,0.8145105647125563,0.816916171608811,0.7927004043529494,0.2848104589987363,0.29638921990809697,0.13523954812850567,150.5682008266449,0.36396026611328125,0,,108
15,10,Cox,0.01778279410038923,0.31622776601683794,0.8145105647125563,0.816916171608811,0.8168014802832795,0.2848104589987363,0.29638921990809697,0.2759267581799344,150.5682008266449,2.8505756855010986,0,,108
15,25,Cox,0.01778279410038923,0.31622776601683794,0.8145105647125563,0.816916171608811,0.8191458663878094,0.2848104589987363,0.29638921990809697,0.29236532108296126,150.5682008266449,7.016573667526245,0,,108
15,1,Cox,0.01778279410038923,5.623413251903491,0.8078797317878055,0.8093894501509442,0.787761366486229,0.28995547529154403,0.30195515711267523,0.13695171414115076,126.6518018245697,0.36797642707824707,0,,109
15,10,Cox,0.01778279410038923,5.623413251903491,0.8078797317878055,0.8093894501509442,0.8127144810366794,0.28995547529154403,0.30195515711267523,0.2808248039728831,126.6518018245697,2.8646016120910645,0,,109
15,25,Cox,0.01778279410038923,5.623413251903491,0.8078797317878055,0.8093894501509442,0.8143327422657449,0.28995547529154403,0.30195515711267523,0.2977049215403723,126.6518018245697,7.1890482902526855,0,,109
15,1,Cox,0.01778279410038923,100.0,0.8078804598151887,0.8093899752054162,0.787761366486229,0.2899554754324264,0.3019551572645136,0.1369517141989378,106.62349963188171,0.37198686599731445,0,,110
15,10,Cox,0.01778279410038923,100.0,0.8078804598151887,0.8093899752054162,0.8127150648714733,0.2899554754324264,0.3019551572645136,0.28082480411564176,106.62349963188171,2.888664960861206,0,,110
15,25,Cox,0.01778279410038923,100.0,0.8078804598151887,0.8093899752054162,0.8143334763306146,0.2899554754324264,0.3019551572645136,0.29770492169453683,106.62349963188171,7.0216310024261475,0,,110
15,,Cox,0.31622776601683794,0.001,,,,,,,,,1,"FIT_ERROR$hessian or gradient contains nan or inf value(s). Convergence halted. Please see the following tips in the lifelines documentation:
https://lifelines.readthedocs.io/en/latest/Examples.html#problems-with-convergence-in-the-cox-proportional-hazard-model
array must not contain infs or NaNs",111
15,1,Cox,0.31622776601683794,0.01778279410038923,0.7244355300736762,0.7231318278306041,0.7619874445603592,0.24541430816925291,0.24885178174225073,0.1250715764231385,150.8001742362976,0.3720214366912842,0,,112
15,10,Cox,0.31622776601683794,0.01778279410038923,0.7244355300736762,0.7231318278306041,0.7418997122712934,0.24541430816925291,0.24885178174225073,0.23134854639652744,150.8001742362976,2.9267945289611816,0,,112
15,25,Cox,0.31622776601683794,0.01778279410038923,0.7244355300736762,0.7231318278306041,0.7388964212853221,0.24541430816925291,0.24885178174225073,0.24480930488227534,150.8001742362976,7.020764589309692,0,,112
15,1,Cox,0.31622776601683794,0.31622776601683794,0.8078797315053688,0.8093894498351192,0.787761366486229,0.2899554752915288,0.30195515711265886,0.13695171414114451,127.15823125839233,0.36697864532470703,0,,113
15,10,Cox,0.31622776601683794,0.31622776601683794,0.8078797315053688,0.8093894498351192,0.812714484280206,0.2899554752915288,0.30195515711265886,0.28082480397286774,127.15823125839233,2.8445537090301514,0,,113
15,25,Cox,0.31622776601683794,0.31622776601683794,0.8078797315053688,0.8093894498351192,0.8143327438909808,0.2899554752915288,0.30195515711265886,0.2977049215403557,127.15823125839233,7.026737213134766,0,,113
15,1,Cox,0.31622776601683794,5.623413251903491,0.8078804592503156,0.8093899752776048,0.787761366486229,0.28995547543217576,0.3019551572642435,0.13695171419883492,106.47019672393799,0.3729889392852783,0,,114
15,10,Cox,0.31622776601683794,5.623413251903491,0.8078804592503156,0.8093899752776048,0.8127150648714733,0.28995547543217576,0.3019551572642435,0.2808248041153877,106.47019672393799,2.8545618057250977,0,,114
15,25,Cox,0.31622776601683794,5.623413251903491,0.8078804592503156,0.8093899752776048,0.8143334768723599,0.28995547543217576,0.3019551572642435,0.2977049216942625,106.47019672393799,7.003620624542236,0,,114
15,1,Cox,0.31622776601683794,100.0,0.8078804606624985,0.8093899750700626,0.787761366486229,0.2899554755671289,0.3019551574096899,0.13695171425422387,85.36519145965576,0.37296366691589355,0,,115
15,10,Cox,0.31622776601683794,100.0,0.8078804606624985,0.8093899750700626,0.8127150648714733,0.2899554755671289,0.3019551574096899,0.2808248042521574,85.36519145965576,2.8686306476593018,0,,115
15,25,Cox,0.31622776601683794,100.0,0.8078804606624985,0.8093899750700626,0.8143334784975957,0.2899554755671289,0.3019551574096899,0.29770492184195413,85.36519145965576,7.023674249649048,0,,115
15,,Cox,5.623413251903491,0.001,,,,,,,,,1,FIT_ERROR$Matrix is singular.,116
15,,Cox,5.623413251903491,0.01778279410038923,,,,,,,,,1,FIT_ERROR$Matrix is singular.,117
15,,Cox,5.623413251903491,0.31622776601683794,,,,,,,,,1,FIT_ERROR$Matrix is singular.,118
15,,Cox,5.623413251903491,5.623413251903491,,,,,,,,,1,FIT_ERROR$Matrix is singular.,119
15,,Cox,5.623413251903491,100.0,,,,,,,,,1,FIT_ERROR$Matrix is singular.,120
15,,Cox,100.0,0.001,,,,,,,,,1,FIT_ERROR$Matrix is singular.,121
15,,Cox,100.0,0.01778279410038923,,,,,,,,,1,FIT_ERROR$Matrix is singular.,122
15,,Cox,100.0,0.31622776601683794,,,,,,,,,1,FIT_ERROR$Matrix is singular.,123
15,,Cox,100.0,5.623413251903491,,,,,,,,,1,FIT_ERROR$Matrix is singular.,124
15,,Cox,100.0,100.0,,,,,,,,,1,FIT_ERROR$Matrix is singular.,125
20,,Cox,0.001,0.001,,,,,,,,,1,"FIT_ERROR$hessian or gradient contains nan or inf value(s). Convergence halted. Please see the following tips in the lifelines documentation:
https://lifelines.readthedocs.io/en/latest/Examples.html#problems-with-convergence-in-the-cox-proportional-hazard-model
array must not contain infs or NaNs",126
20,1,Cox,0.001,0.01778279410038923,0.817713268713875,0.8181609507584716,0.7994092736648394,0.22744386404295572,0.23047587122107752,0.11803891152379586,99.13599514961243,0.3780052661895752,0,,127
20,10,Cox,0.001,0.01778279410038923,0.817713268713875,0.8181609507584716,0.8239518152841163,0.22744386404295572,0.23047587122107752,0.2166638780189165,99.13599514961243,2.8485777378082275,0,,127
20,25,Cox,0.001,0.01778279410038923,0.817713268713875,0.8181609507584716,0.8253434531064815,0.22744386404295572,0.23047587122107752,0.22755631942322466,99.13599514961243,7.084843397140503,0,,127
20,1,Cox,0.001,0.31622776601683794,0.8101123974543888,0.811095088786692,0.7897642362355668,0.28512780840083185,0.29174963575046026,0.1332369144519905,151.95808577537537,0.4120972156524658,0,,128
20,10,Cox,0.001,0.31622776601683794,0.8101123974543888,0.811095088786692,0.8142984248325386,0.28512780840083185,0.29174963575046026,0.27127433637606624,151.95808577537537,2.9007632732391357,0,,128
20,25,Cox,0.001,0.31622776601683794,0.8101123974543888,0.811095088786692,0.8160134333546107,0.28512780840083185,0.29174963575046026,0.28737264154745873,151.95808577537537,7.0748350620269775,0,,128
20,1,Cox,0.001,5.623413251903491,0.8031987884580333,0.8049742685935787,0.7822989944425804,0.2946624821970731,0.30178886432033153,0.1369012285170378,160.9879367351532,0.3719639778137207,0,,129
20,10,Cox,0.001,5.623413251903491,0.8031987884580333,0.8049742685935787,0.8064194932006502,0.2946624821970731,0.30178886432033153,0.2806787432899277,160.9879367351532,2.8526062965393066,0,,129
20,25,Cox,0.001,5.623413251903491,0.8031987884580333,0.8049742685935787,0.8078932554396062,0.2946624821970731,0.30178886432033153,0.29754545210596794,160.9879367351532,7.03174901008606,0,,129
20,1,Cox,0.001,100.0,0.808614675683695,0.8095764513596958,0.7878461076877447,0.2948201809708748,0.3019551580614235,0.1369517144970395,148.3100824356079,0.3639681339263916,0,,130
20,10,Cox,0.001,100.0,0.808614675683695,0.8095764513596958,0.8128510854043461,0.2948201809708748,0.3019551580614235,0.2808248048582116,148.3100824356079,2.8224847316741943,0,,130
20,25,Cox,0.001,100.0,0.808614675683695,0.8095764513596958,0.8145118676375833,0.2948201809708748,0.3019551580614235,0.29770492249696173,148.3100824356079,6.982576608657837,0,,130
20,,Cox,0.01778279410038923,0.001,,,,,,,,,1,"FIT_ERROR$hessian or gradient contains nan or inf value(s). Convergence halted. Please see the following tips in the lifelines documentation:
https://lifelines.readthedocs.io/en/latest/Examples.html#problems-with-convergence-in-the-cox-proportional-hazard-model
array must not contain infs or NaNs",131
20,1,Cox,0.01778279410038923,0.01778279410038923,0.8172472704329996,0.8180562757845093,0.7975839023781358,0.2289275168276384,0.23202833483099128,0.11866407498607069,175.27845096588135,0.3659648895263672,0,,132
20,10,Cox,0.01778279410038923,0.01778279410038923,0.8172472704329996,0.8180562757845093,0.8224039978878933,0.2289275168276384,0.23202833483099128,0.21832331051661277,175.27845096588135,2.8255221843719482,0,,132
20,25,Cox,0.01778279410038923,0.01778279410038923,0.8172472704329996,0.8180562757845093,0.823992560298594,0.2289275168276384,0.23202833483099128,0.2292897763381332,175.27845096588135,7.028700351715088,0,,132
20,1,Cox,0.01778279410038923,0.31622776601683794,0.80392333460652,0.8058075567504535,0.7829803595088217,0.2921253430220513,0.2991119680381137,0.13610412470719038,168.58151364326477,0.3589322566986084,0,,133
20,10,Cox,0.01778279410038923,0.31622776601683794,0.80392333460652,0.8058075567504535,0.8075836403185332,0.2921253430220513,0.2991119680381137,0.27833035910460385,168.58151364326477,2.866642475128174,0,,133
20,25,Cox,0.01778279410038923,0.31622776601683794,0.80392333460652,0.8058075567504535,0.8090194057551476,0.2921253430220513,0.2991119680381137,0.2949789462686839,168.58151364326477,7.1009626388549805,0,,133
20,1,Cox,0.01778279410038923,5.623413251903491,0.8086146771831734,0.8095764520635342,0.7878461076877447,0.2948201809706661,0.3019551580612041,0.13695171449695545,148.67118120193481,0.3820168972015381,0,,134
20,10,Cox,0.01778279410038923,5.623413251903491,0.8086146771831734,0.8095764520635342,0.8128510918913995,0.2948201809706661,0.3019551580612041,0.2808248048580047,148.67118120193481,2.8927001953125,0,,134
20,25,Cox,0.01778279410038923,5.623413251903491,0.8086146771831734,0.8095764520635342,0.8145118725132909,0.2948201809706661,0.3019551580612041,0.2977049224967384,148.67118120193481,7.128974199295044,0,,134
20,1,Cox,0.01778279410038923,100.0,0.80861490596072,0.8095766155886712,0.7878466802634306,0.2948201797497764,0.3019551567777211,0.13695171400579403,120.99353265762329,0.3719627857208252,0,,135
20,10,Cox,0.01778279410038923,100.0,0.80861490596072,0.8095766155886712,0.81285135137353,0.2948201797497764,0.3019551567777211,0.28082480364808277,120.99353265762329,2.8496100902557373,0,,135
20,25,Cox,0.01778279410038923,100.0,0.80861490596072,0.8095766155886712,0.8145121152151814,0.2948201797497764,0.3019551567777211,0.29770492119044334,120.99353265762329,7.022688150405884,0,,135
20,,Cox,0.31622776601683794,0.001,,,,,,,,,1,"FIT_ERROR$hessian or gradient contains nan or inf value(s). Convergence halted. Please see the following tips in the lifelines documentation:
https://lifelines.readthedocs.io/en/latest/Examples.html#problems-with-convergence-in-the-cox-proportional-hazard-model
array must not contain infs or NaNs",136
20,,Cox,0.31622776601683794,0.01778279410038923,,,,,,,,,1,"FIT_ERROR$hessian or gradient contains nan or inf value(s). Convergence halted. Please see the following tips in the lifelines documentation:
https://lifelines.readthedocs.io/en/latest/Examples.html#problems-with-convergence-in-the-cox-proportional-hazard-model
array must not contain infs or NaNs",137
20,1,Cox,0.31622776601683794,0.31622776601683794,0.8086146784148877,0.8095764516033322,0.7878461076877447,0.29482018097065443,0.3019551580611918,0.1369517144969507,148.38623452186584,0.3649430274963379,0,,138
20,10,Cox,0.31622776601683794,0.31622776601683794,0.8086146784148877,0.8095764516033322,0.8128510918913995,0.29482018097065443,0.3019551580611918,0.2808248048579931,148.38623452186584,2.84055757522583,0,,138
20,25,Cox,0.31622776601683794,0.31622776601683794,0.8086146784148877,0.8095764516033322,0.8145118708880551,0.29482018097065443,0.3019551580611918,0.2977049224967259,148.38623452186584,7.028707981109619,0,,138
20,1,Cox,0.31622776601683794,5.623413251903491,0.808614906764012,0.8095766161391089,0.7878466802634306,0.2948201797493404,0.3019551567772626,0.1369517140056186,120.40255975723267,0.37903475761413574,0,,139
20,10,Cox,0.31622776601683794,5.623413251903491,0.808614906764012,0.8095766161391089,0.81285135137353,0.2948201797493404,0.3019551567772626,0.28082480364765056,120.40255975723267,2.85058856010437,0,,139
20,25,Cox,0.31622776601683794,5.623413251903491,0.808614906764012,0.8095766161391089,0.8145121173821626,0.2948201797493404,0.3019551567772626,0.2977049211899767,120.40255975723267,7.037703990936279,0,,139
20,1,Cox,0.31622776601683794,100.0,0.8086149068175648,0.8095766158142604,0.7878466802634306,0.29482017990595893,0.30195515694191083,0.13695171406862475,95.816734790802,0.36597347259521484,0,,140
20,10,Cox,0.31622776601683794,100.0,0.8086149068175648,0.8095766158142604,0.81285135137353,0.29482017990595893,0.30195515694191083,0.2808248038028615,95.816734790802,2.846578598022461,0,,140
20,25,Cox,0.31622776601683794,100.0,0.8086149068175648,0.8095766158142604,0.814512116298672,0.29482017990595893,0.30195515694191083,0.2977049213575507,95.816734790802,7.048733711242676,0,,140
20,,Cox,5.623413251903491,0.001,,,,,,,,,1,FIT_ERROR$Matrix is singular.,141
20,,Cox,5.623413251903491,0.01778279410038923,,,,,,,,,1,FIT_ERROR$Matrix is singular.,142
20,,Cox,5.623413251903491,0.31622776601683794,,,,,,,,,1,FIT_ERROR$Matrix is singular.,143
20,,Cox,5.623413251903491,5.623413251903491,,,,,,,,,1,FIT_ERROR$Matrix is singular.,144
20,,Cox,5.623413251903491,100.0,,,,,,,,,1,FIT_ERROR$Matrix is singular.,145
20,,Cox,100.0,0.001,,,,,,,,,1,FIT_ERROR$Matrix is singular.,146
20,,Cox,100.0,0.01778279410038923,,,,,,,,,1,FIT_ERROR$Matrix is singular.,147
20,,Cox,100.0,0.31622776601683794,,,,,,,,,1,FIT_ERROR$Matrix is singular.,148
20,,Cox,100.0,5.623413251903491,,,,,,,,,1,FIT_ERROR$Matrix is singular.,149
20,,Cox,100.0,100.0,,,,,,,,,1,FIT_ERROR$Matrix is singular.,150
30,,Cox,0.001,0.001,,,,,,,,,1,"FIT_ERROR$hessian or gradient contains nan or inf value(s). Convergence halted. Please see the following tips in the lifelines documentation:
https://lifelines.readthedocs.io/en/latest/Examples.html#problems-with-convergence-in-the-cox-proportional-hazard-model
array must not contain infs or NaNs",151
30,1,Cox,0.001,0.01778279410038923,0.8175643612355048,0.81807281030361,0.7993714836695689,0.24202976578419835,0.2426717706550552,0.12014376229258335,206.81683325767517,0.36895155906677246,0,,152
30,10,Cox,0.001,0.01778279410038923,0.8175643612355048,0.81807281030361,0.823768056526262,0.24202976578419835,0.2426717706550552,0.227366072143436,206.81683325767517,2.849581003189087,0,,152
30,25,Cox,0.001,0.01778279410038923,0.8175643612355048,0.81807281030361,0.8252405377534953,0.24202976578419835,0.2426717706550552,0.23939070854463018,206.81683325767517,7.039766788482666,0,,152
30,1,Cox,0.001,0.31622776601683794,0.8109823451346148,0.8115362695538505,0.7904965605378547,0.29294999800755034,0.2950778873203561,0.13436205130603623,189.53084659576416,0.37703633308410645,0,,153
30,10,Cox,0.001,0.31622776601683794,0.8109823451346148,0.8115362695538505,0.8148163381911567,0.29294999800755034,0.2950778873203561,0.274264083712697,189.53084659576416,2.8425369262695312,0,,153
30,25,Cox,0.001,0.31622776601683794,0.8109823451346148,0.8115362695538505,0.8165500754052563,0.29294999800755034,0.2950778873203561,0.29060880054093025,189.53084659576416,7.025726079940796,0,,153
30,1,Cox,0.001,5.623413251903491,0.8031977673614492,0.8046072039298814,0.7769814840474688,0.2996088519574636,0.3018958649177831,0.13693697393868715,200.5906069278717,0.37697482109069824,0,,154
30,10,Cox,0.001,5.623413251903491,0.8031977673614492,0.8046072039298814,0.8064664497357132,0.2996088519574636,0.3018958649177831,0.280772650134395,200.5906069278717,2.827526569366455,0,,154
30,25,Cox,0.001,5.623413251903491,0.8031977673614492,0.8046072039298814,0.8083862214431227,0.2996088519574636,0.3018958649177831,0.29764750967142184,200.5906069278717,7.105914115905762,0,,154
30,1,Cox,0.001,100.0,0.8093956235988118,0.8099432933216836,0.78805853326722,0.2996269787440339,0.30191455004135903,0.13694037998087918,169.38254284858704,0.3860287666320801,0,,155
30,10,Cox,0.001,100.0,0.8093956235988118,0.8099432933216836,0.8132525042604208,0.2996269787440339,0.30191455004135903,0.28078872806949123,169.38254284858704,2.8877177238464355,0,,155
30,25,Cox,0.001,100.0,0.8093956235988118,0.8099432933216836,0.8149688509188523,0.2996269787440339,0.30191455004135903,0.29766549061675535,169.38254284858704,7.142012119293213,0,,155
30,,Cox,0.01778279410038923,0.001,,,,,,,,,1,"FIT_ERROR$hessian or gradient contains nan or inf value(s). Convergence halted. Please see the following tips in the lifelines documentation:
https://lifelines.readthedocs.io/en/latest/Examples.html#problems-with-convergence-in-the-cox-proportional-hazard-model
array must not contain infs or NaNs",156
30,1,Cox,0.01778279410038923,0.01778279410038923,0.8174737534453658,0.8180306472934388,0.7966586200696939,0.2413282896114588,0.24203405077761497,0.12020300729423605,205.63188648223877,0.3679788112640381,0,,157
30,10,Cox,0.01778279410038923,0.01778279410038923,0.8174737534453658,0.8180306472934388,0.8215035559723098,0.2413282896114588,0.24203405077761497,0.22696863469745582,205.63188648223877,2.826524496078491,0,,157
30,25,Cox,0.01778279410038923,0.01778279410038923,0.8174737534453658,0.8180306472934388,0.82317055066529,0.2413282896114588,0.24203405077761497,0.23891130995649884,205.63188648223877,7.008654356002808,0,,157
30,1,Cox,0.01778279410038923,0.31622776601683794,0.8031473591722798,0.8045544012192096,0.7770290078293999,0.29925202972373277,0.3015285727926789,0.13685676420785245,205.13372159004211,0.3710172176361084,0,,158
30,10,Cox,0.01778279410038923,0.31622776601683794,0.8031473591722798,0.8045544012192096,0.8062342910734442,0.29925202972373277,0.3015285727926789,0.2804550719192197,205.13372159004211,2.8706419467926025,0,,158
30,25,Cox,0.01778279410038923,0.31622776601683794,0.8031473591722798,0.8045544012192096,0.808257472424176,0.29925202972373277,0.3015285727926789,0.2972945256931221,205.13372159004211,7.126997709274292,0,,158
30,1,Cox,0.01778279410038923,5.623413251903491,0.8093956254395848,0.8099432942420878,0.78805853326722,0.2996269787437081,0.3019145500410256,0.13694037998075062,168.81463956832886,0.37299442291259766,0,,159
30,10,Cox,0.01778279410038923,5.623413251903491,0.8093956254395848,0.8099432942420878,0.8132525010168943,0.2996269787437081,0.3019145500410256,0.28078872806917543,168.81463956832886,2.835575580596924,0,,159
30,25,Cox,0.01778279410038923,5.623413251903491,0.8093956254395848,0.8099432942420878,0.8149688471266352,0.2996269787437081,0.3019145500410256,0.2976654906164145,168.81463956832886,7.077867031097412,0,,159
30,1,Cox,0.01778279410038923,100.0,0.8093956632238736,0.8099433234604076,0.78805853326722,0.29962697885656,0.30191455015652674,0.1369403800252476,141.91983366012573,0.3709867000579834,0,,160
30,10,Cox,0.01778279410038923,100.0,0.8093956632238736,0.8099433234604076,0.8132525172345274,0.29962697885656,0.30191455015652674,0.280788728178519,141.91983366012573,2.8445723056793213,0,,160
30,25,Cox,0.01778279410038923,100.0,0.8093956632238736,0.8099433234604076,0.8149689180952684,0.29962697885656,0.30191455015652674,0.29766549073443993,141.91983366012573,7.1069159507751465,0,,160
30,,Cox,0.31622776601683794,0.001,,,,,,,,,1,"FIT_ERROR$hessian or gradient contains nan or inf value(s). Convergence halted. Please see the following tips in the lifelines documentation:
https://lifelines.readthedocs.io/en/latest/Examples.html#problems-with-convergence-in-the-cox-proportional-hazard-model
array must not contain infs or NaNs",161
30,1,Cox,0.31622776601683794,0.01778279410038923,0.8034720640284342,0.80488058397605,0.7772477317414203,0.29386366110973255,0.2959718635185144,0.13591554984406415,194.19449472427368,0.3689556121826172,0,,162
30,10,Cox,0.31622776601683794,0.01778279410038923,0.8034720640284342,0.80488058397605,0.8067300122228409,0.29386366110973255,0.2959718635185144,0.27568420460387416,194.19449472427368,2.8245155811309814,0,,162
30,25,Cox,0.31622776601683794,0.01778279410038923,0.8034720640284342,0.80488058397605,0.8086662961742852,0.29386366110973255,0.2959718635185144,0.29194835710253053,194.19449472427368,7.062801837921143,0,,162
30,1,Cox,0.31622776601683794,0.31622776601683794,0.8093956254880261,0.8099432945218183,0.78805853326722,0.2996269787436897,0.3019145500410068,0.1369403799807434,169.16831636428833,0.3810136318206787,0,,163
30,10,Cox,0.31622776601683794,0.31622776601683794,0.8093956254880261,0.8099432945218183,0.8132525010168943,0.2996269787436897,0.3019145500410068,0.28078872806915767,169.16831636428833,2.8616459369659424,0,,163
30,25,Cox,0.31622776601683794,0.31622776601683794,0.8093956254880261,0.8099432945218183,0.8149688471266352,0.2996269787436897,0.3019145500410068,0.29766549061639536,169.16831636428833,7.047759056091309,0,,163
30,1,Cox,0.31622776601683794,5.623413251903491,0.8093956620370594,0.8099433235235727,0.78805853326722,0.29962697885625833,0.30191455015621804,0.1369403800251287,140.93726873397827,0.364971399307251,0,,164
30,10,Cox,0.31622776601683794,5.623413251903491,0.8093956620370594,0.8099433235235727,0.8132525107474742,0.29962697885625833,0.30191455015621804,0.28078872817822664,140.93726873397827,2.815495491027832,0,,164
30,25,Cox,0.31622776601683794,5.623413251903491,0.8093956620370594,0.8099433235235727,0.8149689175535231,0.29962697885625833,0.30191455015621804,0.29766549073412446,140.93726873397827,7.104910135269165,0,,164
30,1,Cox,0.31622776601683794,100.0,0.8093956627636802,0.8099433242454582,0.78805853326722,0.29962697763924434,0.3019145489106345,0.13694037954524566,108.76899003982544,0.36597323417663574,0,,165
30,10,Cox,0.31622776601683794,100.0,0.8093956627636802,0.8099433242454582,0.8132525107474742,0.29962697763924434,0.3019145489106345,0.28078872699903545,108.76899003982544,2.832540273666382,0,,165
30,25,Cox,0.31622776601683794,100.0,0.8093956627636802,0.8099433242454582,0.8149689164700326,0.29962697763924434,0.3019145489106345,0.2976654894613081,108.76899003982544,7.019741773605347,0,,165
30,,Cox,5.623413251903491,0.001,,,,,,,,,1,FIT_ERROR$Matrix is singular.,166
30,,Cox,5.623413251903491,0.01778279410038923,,,,,,,,,1,FIT_ERROR$Matrix is singular.,167
30,,Cox,5.623413251903491,0.31622776601683794,,,,,,,,,1,FIT_ERROR$Matrix is singular.,168
30,,Cox,5.623413251903491,5.623413251903491,,,,,,,,,1,FIT_ERROR$Matrix is singular.,169
30,,Cox,5.623413251903491,100.0,,,,,,,,,1,FIT_ERROR$Matrix is singular.,170
30,,Cox,100.0,0.001,,,,,,,,,1,FIT_ERROR$Matrix is singular.,171
30,,Cox,100.0,0.01778279410038923,,,,,,,,,1,FIT_ERROR$Matrix is singular.,172
30,,Cox,100.0,0.31622776601683794,,,,,,,,,1,FIT_ERROR$Matrix is singular.,173
30,,Cox,100.0,5.623413251903491,,,,,,,,,1,FIT_ERROR$Matrix is singular.,174
30,,Cox,100.0,100.0,,,,,,,,,1,FIT_ERROR$Matrix is singular.,175
40,,Cox,0.001,0.001,,,,,,,,,1,"FIT_ERROR$hessian or gradient contains nan or inf value(s). Convergence halted. Please see the following tips in the lifelines documentation:
https://lifelines.readthedocs.io/en/latest/Examples.html#problems-with-convergence-in-the-cox-proportional-hazard-model
array must not contain infs or NaNs",176
40,1,Cox,0.001,0.01778279410038923,0.8128399820414979,0.8127580006376574,0.7955936292938882,0.24733209506582018,0.247362521025408,0.12096621920124252,235.29347109794617,0.36697888374328613,0,,177
40,10,Cox,0.001,0.01778279410038923,0.8128399820414979,0.8127580006376574,0.8160906419605427,0.24733209506582018,0.247362521025408,0.23141037445838378,235.29347109794617,2.8145322799682617,0,,177
40,25,Cox,0.001,0.01778279410038923,0.8128399820414979,0.8127580006376574,0.8174554119653039,0.24733209506582018,0.247362521025408,0.24388114349159984,235.29347109794617,7.218244552612305,0,,177
40,1,Cox,0.001,0.31622776601683794,0.8117261269953865,0.811940306220514,0.7921965377493424,0.29629596424449495,0.2967578585432817,0.13498648018303774,221.46464610099792,0.3710176944732666,0,,178
40,10,Cox,0.001,0.31622776601683794,0.8117261269953865,0.811940306220514,0.8156038080741199,0.29629596424449495,0.2967578585432817,0.275849453408199,221.46464610099792,2.826551914215088,0,,178
40,25,Cox,0.001,0.31622776601683794,0.8117261269953865,0.811940306220514,0.8173246010637787,0.29629596424449495,0.2967578585432817,0.29232321374354436,221.46464610099792,7.073801517486572,0,,178
40,1,Cox,0.001,5.623413251903491,0.8089760341407413,0.809294374387664,0.7852964281583561,0.3013442330441365,0.3018503216584137,0.13692344535926265,221.5205020904541,0.3569526672363281,0,,179
40,10,Cox,0.001,5.623413251903491,0.8089760341407413,0.809294374387664,0.8121026578514619,0.3013442330441365,0.3018503216584137,0.2807310871119735,221.5205020904541,2.790398120880127,0,,179
40,25,Cox,0.001,5.623413251903491,0.8089760341407413,0.809294374387664,0.8140142659196093,0.3013442330441365,0.3018503216584137,0.29760276874293656,221.5205020904541,7.052772045135498,0,,179
40,1,Cox,0.001,100.0,0.8099354906663465,0.8101316168624413,0.788410094738373,0.3013442342152927,0.30185032284089064,0.13692344573241266,188.87264966964722,0.36600613594055176,0,,180
40,10,Cox,0.001,100.0,0.8099354906663465,0.8101316168624413,0.8135610641925253,0.3013442342152927,0.30185032284089064,0.2807310881866,188.87264966964722,2.80344820022583,0,,180
40,25,Cox,0.001,100.0,0.8099354906663465,0.8101316168624413,0.8153702879719148,0.3013442342152927,0.30185032284089064,0.29760276991602874,188.87264966964722,7.0809104442596436,0,,180
40,,Cox,0.01778279410038923,0.001,,,,,,,,,1,"FIT_ERROR$hessian or gradient contains nan or inf value(s). Convergence halted. Please see the following tips in the lifelines documentation:
https://lifelines.readthedocs.io/en/latest/Examples.html#problems-with-convergence-in-the-cox-proportional-hazard-model
array must not contain infs or NaNs",181
40,1,Cox,0.01778279410038923,0.01778279410038923,0.8168609392438675,0.8171581133653861,0.794919135135878,0.27373990844723284,0.273823047937213,0.12772834263310345,236.0388355255127,0.37101030349731445,0,,182
40,10,Cox,0.01778279410038923,0.01778279410038923,0.8168609392438675,0.8171581133653861,0.8212508528123488,0.27373990844723284,0.273823047937213,0.2553279785197659,236.0388355255127,2.8184595108032227,0,,182
40,25,Cox,0.01778279410038923,0.01778279410038923,0.8168609392438675,0.8171581133653861,0.8230898956263228,0.27373990844723284,0.273823047937213,0.2698764186393583,236.0388355255127,7.060690641403198,0,,182
40,1,Cox,0.01778279410038923,0.31622776601683794,0.8090124327273012,0.8093296347908348,0.7853542583026337,0.3013442329383319,0.30185032155168623,0.13692344531553485,221.03967928886414,0.3639662265777588,0,,183
40,10,Cox,0.01778279410038923,0.31622776601683794,0.8090124327273012,0.8093296347908348,0.8121129592920476,0.3013442329383319,0.30185032155168623,0.2807310870072122,221.03967928886414,2.828533411026001,0,,183
40,25,Cox,0.01778279410038923,0.31622776601683794,0.8090124327273012,0.8093296347908348,0.8140323938005464,0.3013442329383319,0.30185032155168623,0.29760276863020313,221.03967928886414,7.109865188598633,0,,183
40,1,Cox,0.01778279410038923,5.623413251903491,0.8099354918030719,0.8101316181618354,0.78840980845053,0.3013442342147286,0.3018503228403217,0.1369234457321928,189.29862570762634,0.37599778175354004,0,,184
40,10,Cox,0.01778279410038923,5.623413251903491,0.8099354918030719,0.8101316181618354,0.8135610641925253,0.3013442342147286,0.3018503228403217,0.28073108818606013,189.29862570762634,2.8335180282592773,0,,184
40,25,Cox,0.01778279410038923,5.623413251903491,0.8099354918030719,0.8101316181618354,0.8153702917641318,0.3013442342147286,0.3018503228403217,0.29760276991544615,189.29862570762634,7.151977300643921,0,,184
40,1,Cox,0.01778279410038923,100.0,0.8099355045427145,0.8101316311557764,0.7884095221626871,0.30134423434499974,0.3018503229717152,0.1369234457829552,155.60223507881165,0.3679802417755127,0,,185
40,10,Cox,0.01778279410038923,100.0,0.8099355045427145,0.8101316311557764,0.8135610674360519,0.30134423434499974,0.3018503229717152,0.28073108831071514,155.60223507881165,2.8165104389190674,0,,185
40,25,Cox,0.01778279410038923,100.0,0.8099355045427145,0.8101316311557764,0.8153703253523399,0.30134423434499974,0.3018503229717152,0.297602770049984,155.60223507881165,7.1440770626068115,0,,185
40,,Cox,0.31622776601683794,0.001,,,,,,,,,1,"FIT_ERROR$hessian or gradient contains nan or inf value(s). Convergence halted. Please see the following tips in the lifelines documentation:
https://lifelines.readthedocs.io/en/latest/Examples.html#problems-with-convergence-in-the-cox-proportional-hazard-model
array must not contain infs or NaNs",186
40,,Cox,0.31622776601683794,0.01778279410038923,,,,,,,,,1,"FIT_ERROR$hessian or gradient contains nan or inf value(s). Convergence halted. Please see the following tips in the lifelines documentation:
https://lifelines.readthedocs.io/en/latest/Examples.html#problems-with-convergence-in-the-cox-proportional-hazard-model
array must not contain infs or NaNs",187
40,1,Cox,0.31622776601683794,0.31622776601683794,0.8099354918030719,0.8101316179723405,0.78840980845053,0.30134423421469686,0.3018503228402897,0.1369234457321804,189.23196291923523,0.374997615814209,0,,188
40,10,Cox,0.31622776601683794,0.31622776601683794,0.8099354918030719,0.8101316179723405,0.8135610609489987,0.30134423421469686,0.3018503228402897,0.2807310881860297,189.23196291923523,2.8556017875671387,0,,188
40,25,Cox,0.31622776601683794,0.31622776601683794,0.8099354918030719,0.8101316179723405,0.8153702928476224,0.30134423421469686,0.3018503228402897,0.29760276991541335,189.23196291923523,7.036715745925903,0,,188
40,1,Cox,0.31622776601683794,5.623413251903491,0.8099355047922395,0.8101316315167191,0.7884095221626871,0.301344234344478,0.30185032297118897,0.13692344578275187,156.24052596092224,0.37700343132019043,0,,189
40,10,Cox,0.31622776601683794,5.623413251903491,0.8099355047922395,0.8101316315167191,0.8135610641925253,0.301344234344478,0.30185032297118897,0.28073108831021587,156.24052596092224,2.820474147796631,0,,189
40,25,Cox,0.31622776601683794,5.623413251903491,0.8099355047922395,0.8101316315167191,0.8153703264358305,0.301344234344478,0.30185032297118897,0.297602770049445,156.24052596092224,7.057773590087891,0,,189
40,1,Cox,0.31622776601683794,100.0,0.8099355052081147,0.810131631119682,0.7884095221626871,0.3013442344694754,0.30185032309726334,0.13692344583145993,124.55951070785522,0.38605761528015137,0,,190
40,10,Cox,0.31622776601683794,100.0,0.8099355052081147,0.810131631119682,0.8135610674360519,0.3013442344694754,0.30185032309726334,0.2807310884298251,124.55951070785522,2.8686490058898926,0,,190
40,25,Cox,0.31622776601683794,100.0,0.8099355052081147,0.810131631119682,0.8153703264358305,0.3013442344694754,0.30185032309726334,0.2976027701785368,124.55951070785522,7.11497163772583,0,,190
40,,Cox,5.623413251903491,0.001,,,,,,,,,1,FIT_ERROR$Matrix is singular.,191
40,,Cox,5.623413251903491,0.01778279410038923,,,,,,,,,1,FIT_ERROR$Matrix is singular.,192
40,,Cox,5.623413251903491,0.31622776601683794,,,,,,,,,1,FIT_ERROR$Matrix is singular.,193
40,,Cox,5.623413251903491,5.623413251903491,,,,,,,,,1,FIT_ERROR$Matrix is singular.,194
40,,Cox,5.623413251903491,100.0,,,,,,,,,1,FIT_ERROR$Matrix is singular.,195
40,,Cox,100.0,0.001,,,,,,,,,1,FIT_ERROR$Matrix is singular.,196
40,,Cox,100.0,0.01778279410038923,,,,,,,,,1,FIT_ERROR$Matrix is singular.,197
40,,Cox,100.0,0.31622776601683794,,,,,,,,,1,FIT_ERROR$Matrix is singular.,198
40,,Cox,100.0,5.623413251903491,,,,,,,,,1,FIT_ERROR$Matrix is singular.,199
40,,Cox,100.0,100.0,,,,,,,,,1,FIT_ERROR$Matrix is singular.,200
50,,Cox,0.001,0.001,,,,,,,,,1,"FIT_ERROR$hessian or gradient contains nan or inf value(s). Convergence halted. Please see the following tips in the lifelines documentation:
https://lifelines.readthedocs.io/en/latest/Examples.html#problems-with-convergence-in-the-cox-proportional-hazard-model
array must not contain infs or NaNs",201
50,1,Cox,0.001,0.01778279410038923,0.8117226262270387,0.8117226262270387,0.7944919936741838,0.25303780074237925,0.25303780074237925,0.12216102248185955,252.45517563819885,0.3749966621398926,0,,202
50,10,Cox,0.001,0.01778279410038923,0.8117226262270387,0.8117226262270387,0.8141084449906024,0.25303780074237925,0.25303780074237925,0.2364126849188295,252.45517563819885,2.898744583129883,0,,202
50,25,Cox,0.001,0.01778279410038923,0.8117226262270387,0.8117226262270387,0.8156801169797109,0.25303780074237925,0.25303780074237925,0.24939090980267858,252.45517563819885,7.071815729141235,0,,202
50,1,Cox,0.001,0.31622776601683794,0.8123343957727512,0.8123343957727512,0.7932615285251481,0.2977971346185857,0.2977971346185857,0.1353863187164385,238.52520442008972,0.37900781631469727,0,,203
50,10,Cox,0.001,0.31622776601683794,0.8123343957727512,0.8123343957727512,0.8164436025287234,0.2977971346185857,0.2977971346185857,0.27684875861907426,238.52520442008972,2.84958553314209,0,,203
50,25,Cox,0.001,0.31622776601683794,0.8123343957727512,0.8123343957727512,0.8181533099193546,0.2977971346185857,0.2977971346185857,0.2934036723842517,238.52520442008972,7.23525071144104,0,,203
50,1,Cox,0.001,5.623413251903491,0.8099751215107165,0.8099751215107165,0.7878535511716617,0.30181889883803337,0.30181889883803337,0.1369153235413896,237.46263909339905,0.3679816722869873,0,,204
50,10,Cox,0.001,5.623413251903491,0.8099751215107165,0.8099751215107165,0.8134610565358563,0.30181889883803337,0.30181889883803337,0.2807027848440186,237.46263909339905,2.855597496032715,0,,204
50,25,Cox,0.001,5.623413251903491,0.8099751215107165,0.8099751215107165,0.8153068133013703,0.30181889883803337,0.30181889883803337,0.2975720256700057,237.46263909339905,7.170083999633789,0,,204
50,1,Cox,0.001,100.0,0.8103244834729546,0.8103244834729546,0.7888956389200307,0.301818897784575,0.301818897784575,0.13691532311447435,198.30508852005005,0.3920431137084961,0,,205
50,10,Cox,0.001,100.0,0.8103244834729546,0.8103244834729546,0.813984892574106,0.301818897784575,0.301818897784575,0.28070278382959474,198.30508852005005,2.851591110229492,0,,205
50,25,Cox,0.001,100.0,0.8103244834729546,0.8103244834729546,0.8157988269166646,0.301818897784575,0.301818897784575,0.29757202457811305,198.30508852005005,7.084856748580933,0,,205
50,,Cox,0.01778279410038923,0.001,,,,,,,,,1,"FIT_ERROR$hessian or gradient contains nan or inf value(s). Convergence halted. Please see the following tips in the lifelines documentation:
https://lifelines.readthedocs.io/en/latest/Examples.html#problems-with-convergence-in-the-cox-proportional-hazard-model
array must not contain infs or NaNs",206
50,1,Cox,0.01778279410038923,0.01778279410038923,0.8139956511037927,0.8139956511037927,0.7979469153630072,0.2564505256889133,0.2564505256889133,0.12383858445620936,254.94038844108582,0.37096118927001953,0,,207
50,10,Cox,0.01778279410038923,0.01778279410038923,0.8139956511037927,0.8139956511037927,0.8205758295106912,0.2564505256889133,0.2564505256889133,0.23956996694022561,254.94038844108582,2.928795576095581,0,,207
50,25,Cox,0.01778279410038923,0.01778279410038923,0.8139956511037927,0.8139956511037927,0.8216574051426613,0.2564505256889133,0.2564505256889133,0.25269893567650875,254.94038844108582,7.090870380401611,0,,207
50,1,Cox,0.01778279410038923,0.31622776601683794,0.8099856043454748,0.8099856043454748,0.7879211151025999,0.30181889884543567,0.30181889884543567,0.13691532354272443,238.0921173095703,0.37198948860168457,0,,208
50,10,Cox,0.01778279410038923,0.31622776601683794,0.8099856043454748,0.8099856043454748,0.8134886946262944,0.30181889884543567,0.30181889884543567,0.28070278485034217,238.0921173095703,2.8365464210510254,0,,208
50,25,Cox,0.01778279410038923,0.31622776601683794,0.8099856043454748,0.8099856043454748,0.8153316333618907,0.30181889884543567,0.30181889884543567,0.2975720256770788,238.0921173095703,7.144014358520508,0,,208
50,1,Cox,0.01778279410038923,5.623413251903491,0.8103244850159851,0.8103244850159851,0.7888956389200307,0.3018188977835417,0.3018188977835417,0.13691532311407434,198.42092394828796,0.37198853492736816,0,,209
50,10,Cox,0.01778279410038923,5.623413251903491,0.8103244850159851,0.8103244850159851,0.8139849023046859,0.3018188977835417,0.3018188977835417,0.2807027838286125,198.42092394828796,2.8686821460723877,0,,209
50,25,Cox,0.01778279410038923,5.623413251903491,0.8103244850159851,0.8103244850159851,0.8157988290836458,0.3018188977835417,0.3018188977835417,0.29757202457705306,198.42092394828796,7.079843521118164,0,,209
50,1,Cox,0.01778279410038923,100.0,0.8103244900962551,0.8103244900962551,0.7888956389200307,0.3018188979428406,0.3018188979428406,0.13691532317572727,163.87906789779663,0.3880648612976074,0,,210
50,10,Cox,0.01778279410038923,100.0,0.8103244900962551,0.8103244900962551,0.8139849055482126,0.3018188979428406,0.3018188979428406,0.28070278398002657,163.87906789779663,2.856616973876953,0,,210
50,25,Cox,0.01778279410038923,100.0,0.8103244900962551,0.8103244900962551,0.8157988252914288,0.3018188979428406,0.3018188979428406,0.29757202474046174,163.87906789779663,7.1681132316589355,0,,210
50,,Cox,0.31622776601683794,0.001,,,,,,,,,1,"FIT_ERROR$hessian or gradient contains nan or inf value(s). Convergence halted. Please see the following tips in the lifelines documentation:
https://lifelines.readthedocs.io/en/latest/Examples.html#problems-with-convergence-in-the-cox-proportional-hazard-model
array must not contain infs or NaNs",211
50,1,Cox,0.31622776601683794,0.01778279410038923,0.8099978791168732,0.8099978791168732,0.7880281867558663,0.30181889885414703,0.30181889885414703,0.13691532354429986,239.84509682655334,0.37399721145629883,0,,212
50,10,Cox,0.31622776601683794,0.01778279410038923,0.8099978791168732,0.8099978791168732,0.8135237409315618,0.30181889885414703,0.30181889885414703,0.2807027848577868,239.84509682655334,2.8566031455993652,0,,212
50,25,Cox,0.31622776601683794,0.01778279410038923,0.8099978791168732,0.8099978791168732,0.8153607765498356,0.30181889885414703,0.30181889885414703,0.2975720256854051,239.84509682655334,7.2011682987213135,0,,212
50,1,Cox,0.31622776601683794,0.31622776601683794,0.8103244852686451,0.8103244852686451,0.7888956389200307,0.3018188977834836,0.3018188977834836,0.13691532311405186,199.89394855499268,0.37299489974975586,0,,213
50,10,Cox,0.31622776601683794,0.31622776601683794,0.8103244852686451,0.8103244852686451,0.8139848990611592,0.3018188977834836,0.3018188977834836,0.2807027838285573,199.89394855499268,2.8425662517547607,0,,213
50,25,Cox,0.31622776601683794,0.31622776601683794,0.8103244852686451,0.8103244852686451,0.8157988290836458,0.3018188977834836,0.3018188977834836,0.29757202457699344,199.89394855499268,7.155070543289185,0,,213
50,1,Cox,0.31622776601683794,5.623413251903491,0.8103244904932921,0.8103244904932921,0.7888956389200307,0.3018188979418857,0.3018188979418857,0.13691532317535768,165.43302130699158,0.3890371322631836,0,,214
50,10,Cox,0.31622776601683794,5.623413251903491,0.8103244904932921,0.8103244904932921,0.8139849087917391,0.3018188979418857,0.3018188979418857,0.28070278397911885,165.43302130699158,2.8916983604431152,0,,214
50,25,Cox,0.31622776601683794,5.623413251903491,0.8103244904932921,0.8103244904932921,0.8157988258331741,0.3018188979418857,0.3018188979418857,0.2975720247394822,165.43302130699158,7.138002634048462,0,,214
50,1,Cox,0.31622776601683794,100.0,0.810324490141373,0.810324490141373,0.7888956389200307,0.301818898094642,0.301818898094642,0.13691532323447872,130.41473960876465,0.37700533866882324,0,,215
50,10,Cox,0.31622776601683794,100.0,0.810324490141373,0.810324490141373,0.8139849087917391,0.301818898094642,0.301818898094642,0.2807027841243144,130.41473960876465,2.86061429977417,0,,215
50,25,Cox,0.31622776601683794,100.0,0.810324490141373,0.810324490141373,0.8157988269166646,0.301818898094642,0.301818898094642,0.29757202489617957,130.41473960876465,7.129978656768799,0,,215
50,,Cox,5.623413251903491,0.001,,,,,,,,,1,FIT_ERROR$Matrix is singular.,216
50,,Cox,5.623413251903491,0.01778279410038923,,,,,,,,,1,FIT_ERROR$Matrix is singular.,217
50,,Cox,5.623413251903491,0.31622776601683794,,,,,,,,,1,FIT_ERROR$Matrix is singular.,218
50,,Cox,5.623413251903491,5.623413251903491,,,,,,,,,1,FIT_ERROR$Matrix is singular.,219
50,,Cox,5.623413251903491,100.0,,,,,,,,,1,FIT_ERROR$Matrix is singular.,220
50,,Cox,100.0,0.001,,,,,,,,,1,FIT_ERROR$Matrix is singular.,221
50,,Cox,100.0,0.01778279410038923,,,,,,,,,1,FIT_ERROR$Matrix is singular.,222
50,,Cox,100.0,0.31622776601683794,,,,,,,,,1,FIT_ERROR$Matrix is singular.,223
50,,Cox,100.0,5.623413251903491,,,,,,,,,1,FIT_ERROR$Matrix is singular.,224
50,,Cox,100.0,100.0,,,,,,,,,1,FIT_ERROR$Matrix is singular.,225
