train_samples,test_samples,method,C,ci_train_same_size,ci_train_max_size,ci_test,ibs_train_same_size,ibs_train_max_size,ibs_test,train_time,test_time,error,error_text,model_id
1,1,LogReg_Classic,0.001,0.8960877686408831,0.9080509799282929,0.9044594484721963,0.814340745160567,0.5837331427461687,0.810660008036981,0.5514414310455322,1.0708494186401367,0,,1
1,10,LogReg_Classic,0.001,0.8960877686408831,0.9080509799282929,0.9102981432165821,0.814340745160567,0.5837331427461687,0.6139069764924059,0.5514414310455322,8.457513809204102,0,,1
1,25,LogReg_Classic,0.001,0.8960877686408831,0.9080509799282929,0.9112940485037886,0.814340745160567,0.5837331427461687,0.5903116417367694,0.5514414310455322,20.907649278640747,0,,1
1,1,LogReg_Classic,0.01,0.9400527857094653,0.9401640929237735,0.9433241683051874,0.8096273370536946,0.5789890786778386,0.8058454657649881,0.540440559387207,1.0407688617706299,0,,2
1,10,LogReg_Classic,0.01,0.9400527857094653,0.9401640929237735,0.9415458701125738,0.8096273370536946,0.5789890786778386,0.608856907542864,0.540440559387207,8.48859715461731,0,,2
1,25,LogReg_Classic,0.01,0.9400527857094653,0.9401640929237735,0.941777279181897,0.8096273370536946,0.5789890786778386,0.585269059123993,0.540440559387207,20.74922776222229,0,,2
1,1,LogReg_Classic,0.1,0.9418679691459579,0.9417030184494327,0.9439946544333963,0.7721761594257465,0.5423438978270029,0.7686234325860827,0.615638256072998,1.1099557876586914,0,,3
1,10,LogReg_Classic,0.1,0.9418679691459579,0.9417030184494327,0.942115209585955,0.7721761594257465,0.5423438978270029,0.5722929825738443,0.615638256072998,8.719206809997559,0,,3
1,25,LogReg_Classic,0.1,0.9418679691459579,0.9417030184494327,0.9424798236853111,0.7721761594257465,0.5423438978270029,0.5487251871229581,0.615638256072998,22.170014142990112,0,,3
1,1,LogReg_Classic,1.0,0.9420558398012674,0.9419601320216499,0.944293538941445,0.531395199007387,0.35077080024730345,0.5279696949050747,0.741973876953125,1.1470518112182617,0,,4
1,10,LogReg_Classic,1.0,0.9420558398012674,0.9419601320216499,0.9425080914799321,0.531395199007387,0.35077080024730345,0.37911118133893895,0.741973876953125,9.324821710586548,0,,4
1,25,LogReg_Classic,1.0,0.9420558398012674,0.9419601320216499,0.9429713497298433,0.531395199007387,0.35077080024730345,0.3611254736288579,0.741973876953125,23.18170428276062,0,,4
1,1,LogReg_Classic,10.0,0.9430204626717332,0.9421722036317101,0.9444352514237094,0.2872108852812002,0.18955970986213339,0.28263467571952555,0.5995945930480957,1.1620919704437256,0,,5
1,10,LogReg_Classic,10.0,0.9430204626717332,0.9421722036317101,0.9422668931089376,0.2872108852812002,0.18955970986213339,0.20999991002232177,0.5995945930480957,9.40402865409851,0,,5
1,25,LogReg_Classic,10.0,0.9430204626717332,0.9421722036317101,0.9428033138841175,0.2872108852812002,0.18955970986213339,0.20179239297577398,0.5995945930480957,23.15162467956543,0,,5
1,1,LogReg_Classic,100.0,0.9423089320522322,0.9425249320443072,0.942816007383936,0.17870695678150894,0.12016352993338973,0.1747227827207704,0.6477267742156982,1.2804052829742432,0,,6
1,10,LogReg_Classic,100.0,0.9423089320522322,0.9425249320443072,0.9407285565410622,0.17870695678150894,0.12016352993338973,0.1289563400194725,0.6477267742156982,9.534379005432129,0,,6
1,25,LogReg_Classic,100.0,0.9423089320522322,0.9425249320443072,0.9416405838430177,0.17870695678150894,0.12016352993338973,0.12431909547309228,0.6477267742156982,23.382237672805786,0,,6
2,1,LogReg_Classic,0.001,0.9181184427235121,0.9168137313905572,0.9317363815735983,0.7351071461515288,0.5844695538537833,0.8112808811229351,1.139028549194336,1.2473158836364746,0,,7
2,10,LogReg_Classic,0.001,0.9181184427235121,0.9168137313905572,0.9349960610936924,0.7351071461515288,0.5844695538537833,0.6145786767609897,1.139028549194336,9.642667293548584,0,,7
2,25,LogReg_Classic,0.001,0.9181184427235121,0.9168137313905572,0.9355793381618044,0.7351071461515288,0.5844695538537833,0.5909710776905657,1.139028549194336,23.92568302154541,0,,7
2,1,LogReg_Classic,0.01,0.9360088754233613,0.9363733149479379,0.9480021116591296,0.7029628474832699,0.5535639258022369,0.7818841890386112,1.2152361869812012,1.1921770572662354,0,,8
2,10,LogReg_Classic,0.01,0.9360088754233613,0.9363733149479379,0.9442973245634342,0.7029628474832699,0.5535639258022369,0.58171217828349,1.2152361869812012,9.46819806098938,0,,8
2,25,LogReg_Classic,0.01,0.9360088754233613,0.9363733149479379,0.9445569693957955,0.7029628474832699,0.5535639258022369,0.5579717276606321,1.2152361869812012,23.375322818756104,0,,8
2,1,LogReg_Classic,0.1,0.940101432979202,0.9405531142705709,0.9475915748923271,0.5571199943720423,0.4278968859897332,0.634839964656167,1.1861915588378906,1.1851532459259033,0,,9
2,10,LogReg_Classic,0.1,0.940101432979202,0.9405531142705709,0.9442551846654208,0.5571199943720423,0.4278968859897332,0.44490869974287234,1.1861915588378906,9.438123941421509,0,,9
2,25,LogReg_Classic,0.1,0.940101432979202,0.9405531142705709,0.9445715076724325,0.5571199943720423,0.4278968859897332,0.42156456577690055,1.1861915588378906,23.137593746185303,0,,9
2,1,LogReg_Classic,1.0,0.9414922686008602,0.9421362693573496,0.947240013421174,0.3293810891618514,0.2477668130648325,0.3840499651091249,1.1721153259277344,1.2352876663208008,0,,10
2,10,LogReg_Classic,1.0,0.9414922686008602,0.9421362693573496,0.9439125741907254,0.3293810891618514,0.2477668130648325,0.24463545442197493,1.1721153259277344,9.558447122573853,0,,10
2,25,LogReg_Classic,1.0,0.9414922686008602,0.9421362693573496,0.9442076384883398,0.3293810891618514,0.2477668130648325,0.22818655419576978,1.1721153259277344,23.2839777469635,0,,10
2,1,LogReg_Classic,10.0,0.9412990447913983,0.9420918894094112,0.9473722784046209,0.09185360897009492,0.07061972494920907,0.09970052062354033,1.1009340286254883,1.266371726989746,0,,11
2,10,LogReg_Classic,10.0,0.9412990447913983,0.9420918894094112,0.9442588693116757,0.09185360897009492,0.07061972494920907,0.066623502623108,1.1009340286254883,9.466200351715088,0,,11
2,25,LogReg_Classic,10.0,0.9412990447913983,0.9420918894094112,0.9446940845872754,0.09185360897009492,0.07061972494920907,0.06339004969148566,1.1009340286254883,23.447410821914673,0,,11
2,1,LogReg_Classic,100.0,0.9447574490293135,0.9450986058079869,0.9496829075851392,0.06784006160287168,0.05312906195332377,0.06931724247638602,1.104942798614502,1.1801443099975586,0,,12
2,10,LogReg_Classic,100.0,0.9447574490293135,0.9450986058079869,0.9454976305162195,0.06784006160287168,0.05312906195332377,0.05041607089027781,1.104942798614502,9.558443307876587,0,,12
2,25,LogReg_Classic,100.0,0.9447574490293135,0.9450986058079869,0.9459708769324752,0.06784006160287168,0.05312906195332377,0.048919490262265115,1.104942798614502,23.59681487083435,0,,12
5,1,LogReg_Classic,0.001,0.9122725119612353,0.9057045836994103,0.9194763909867426,0.652088934083773,0.5832547796582084,0.8101323203368789,2.6190009117126465,1.145045280456543,0,,13
5,10,LogReg_Classic,0.001,0.9122725119612353,0.9057045836994103,0.922709147576096,0.652088934083773,0.5832547796582084,0.6133353976662874,2.6190009117126465,9.041066884994507,0,,13
5,25,LogReg_Classic,0.001,0.9122725119612353,0.9057045836994103,0.9231628037076246,0.652088934083773,0.5832547796582084,0.5897363467153186,2.6190009117126465,22.933042764663696,0,,13
5,1,LogReg_Classic,0.01,0.9375802055409345,0.9371584876334756,0.948717831266526,0.6043805468547916,0.535574869859617,0.7665762749688723,2.6691064834594727,1.0668437480926514,0,,14
5,10,LogReg_Classic,0.01,0.9375802055409345,0.9371584876334756,0.9441649238062835,0.6043805468547916,0.535574869859617,0.5665562902134563,2.6691064834594727,8.703161478042603,0,,14
5,25,LogReg_Classic,0.01,0.9375802055409345,0.9371584876334756,0.9441931592619395,0.6043805468547916,0.535574869859617,0.5428135463032089,2.6691064834594727,21.40999174118042,0,,14
5,1,LogReg_Classic,0.1,0.9418342997671824,0.9411796980458905,0.9500273118602183,0.43493747319542025,0.3774476439444404,0.5835494612249741,2.6039586067199707,1.062854528427124,0,,15
5,10,LogReg_Classic,0.1,0.9418342997671824,0.9411796980458905,0.9452782091830376,0.43493747319542025,0.3774476439444404,0.4031332165449759,2.6039586067199707,8.67308759689331,0,,15
5,25,LogReg_Classic,0.1,0.9418342997671824,0.9411796980458905,0.9452112796071995,0.43493747319542025,0.3774476439444404,0.38081762371265837,2.6039586067199707,21.188395977020264,0,,15
5,1,LogReg_Classic,1.0,0.9438270355015582,0.9433188030724086,0.9511902130783157,0.22896849812553255,0.196422329844681,0.3235137317511696,2.408412456512451,1.071824312210083,0,,16
5,10,LogReg_Classic,1.0,0.9438270355015582,0.9433188030724086,0.9459650810874847,0.22896849812553255,0.196422329844681,0.20333292128014388,2.408412456512451,8.76232385635376,0,,16
5,25,LogReg_Classic,1.0,0.9438270355015582,0.9433188030724086,0.9458058185188705,0.22896849812553255,0.196422329844681,0.1893541877108627,2.408412456512451,21.260595560073853,0,,16
5,1,LogReg_Classic,10.0,0.9452596976338513,0.9447080735004745,0.9526531439558338,0.0841826223344257,0.07366794563996407,0.10954999652468882,2.3442351818084717,1.1129381656646729,0,,17
5,10,LogReg_Classic,10.0,0.9452596976338513,0.9447080735004745,0.94724391282005,0.0841826223344257,0.07366794563996407,0.07210783742338386,2.3442351818084717,8.749329328536987,0,,17
5,25,LogReg_Classic,10.0,0.9452596976338513,0.9447080735004745,0.9469349803964862,0.0841826223344257,0.07366794563996407,0.06826848771082622,2.3442351818084717,21.36296272277832,0,,17
5,1,LogReg_Classic,100.0,0.9431016100812859,0.9436887191932736,0.9497676487866549,0.0597422561114537,0.053069085581640925,0.06930967614366776,2.278074264526367,1.1320157051086426,0,,18
5,10,LogReg_Classic,100.0,0.9431016100812859,0.9436887191932736,0.9449879622023019,0.0597422561114537,0.053069085581640925,0.05075944138248968,2.278074264526367,8.691129207611084,0,,18
5,25,LogReg_Classic,100.0,0.9431016100812859,0.9436887191932736,0.9454244796743695,0.0597422561114537,0.053069085581640925,0.0492124011657457,2.278074264526367,21.466134309768677,0,,18
10,1,LogReg_Classic,0.001,0.7515467650209909,0.7489088582704849,0.7157356395155093,0.6161414478409694,0.5853190415576157,0.812405675531426,4.7957682609558105,1.1440215110778809,0,,19
10,10,LogReg_Classic,0.001,0.7515467650209909,0.7489088582704849,0.75955486995187,0.6161414478409694,0.5853190415576157,0.6160438807297619,4.7957682609558105,8.871609926223755,0,,19
10,25,LogReg_Classic,0.001,0.7515467650209909,0.7489088582704849,0.7608807214959455,0.6161414478409694,0.5853190415576157,0.5924984153889635,4.7957682609558105,22.12592387199402,0,,19
10,1,LogReg_Classic,0.01,0.9132586256888623,0.9119915545454422,0.9186744987386157,0.5792415404460858,0.5484125576905801,0.778657574682288,4.938141107559204,1.143040418624878,0,,20
10,10,LogReg_Classic,0.01,0.9132586256888623,0.9119915545454422,0.9175200012231988,0.5792415404460858,0.5484125576905801,0.5800468062456319,4.938141107559204,9.08016586303711,0,,20
10,25,LogReg_Classic,0.01,0.9132586256888623,0.9119915545454422,0.918394912066911,0.5792415404460858,0.5484125576905801,0.556324073242687,4.938141107559204,22.030669689178467,0,,20
10,1,LogReg_Classic,0.1,0.9392308991864168,0.9388259683164891,0.9465125560122165,0.3974361259087343,0.3720996590252605,0.5796956333145485,4.978249788284302,1.1340172290802002,0,,21
10,10,LogReg_Classic,0.1,0.9392308991864168,0.9388259683164891,0.9419449049765733,0.3974361259087343,0.3720996590252605,0.3995181399359369,4.978249788284302,8.771349668502808,0,,21
10,25,LogReg_Classic,0.1,0.9392308991864168,0.9388259683164891,0.942172215291464,0.3974361259087343,0.3720996590252605,0.37741008639380125,4.978249788284302,21.70176100730896,0,,21
10,1,LogReg_Classic,1.0,0.9420621677359355,0.9416789699403646,0.9483662697953729,0.2167838680479585,0.20429443584956755,0.33778579640678147,4.723572254180908,1.1330204010009766,0,,22
10,10,LogReg_Classic,1.0,0.9420621677359355,0.9416789699403646,0.9431100965100322,0.2167838680479585,0.20429443584956755,0.2133830626001701,4.723572254180908,8.880640029907227,0,,22
10,25,LogReg_Classic,1.0,0.9420621677359355,0.9416789699403646,0.9432392942421886,0.2167838680479585,0.20429443584956755,0.1992310884383949,4.723572254180908,21.651660919189453,0,,22
10,1,LogReg_Classic,10.0,0.9423315586276164,0.9424471746686367,0.947054498898937,0.10305856329279235,0.09790399886894131,0.14815984450161016,4.376649618148804,1.1891674995422363,0,,23
10,10,LogReg_Classic,10.0,0.9423315586276164,0.9424471746686367,0.9423496095251271,0.10305856329279235,0.09790399886894131,0.0978301620542969,4.376649618148804,8.848549604415894,0,,23
10,25,LogReg_Classic,10.0,0.9423315586276164,0.9424471746686367,0.9424983112851216,0.10305856329279235,0.09790399886894131,0.0926645098749373,4.376649618148804,21.663670778274536,0,,23
10,1,LogReg_Classic,100.0,0.9428188417959663,0.9432338360176479,0.9482697907922959,0.05651561995360893,0.05359500318356979,0.07005526955282902,4.366637468338013,1.1420445442199707,0,,24
10,10,LogReg_Classic,100.0,0.9428188417959663,0.9432338360176479,0.9435881599004399,0.05651561995360893,0.05359500318356979,0.05135175652101663,4.366637468338013,8.916764497756958,0,,24
10,25,LogReg_Classic,100.0,0.9428188417959663,0.9432338360176479,0.9441891200090475,0.05651561995360893,0.05359500318356979,0.04977634347497137,4.366637468338013,21.774963855743408,0,,24
15,1,LogReg_Classic,0.001,0.9094760877589879,0.9060726403963546,0.9083638420744646,0.6003175689028938,0.5832056386050742,0.8100308191553789,7.019654989242554,1.113962173461914,0,,25
15,10,LogReg_Classic,0.001,0.9094760877589879,0.9060726403963546,0.9181577596473721,0.6003175689028938,0.5832056386050742,0.6132862029448433,7.019654989242554,9.039061546325684,0,,25
15,25,LogReg_Classic,0.001,0.9094760877589879,0.9060726403963546,0.9192309052296737,0.6003175689028938,0.5832056386050742,0.5896835048873544,7.019654989242554,22.040676593780518,0,,25
15,1,LogReg_Classic,0.01,0.9387425115925242,0.9382911104935537,0.9503198980357218,0.544002375416405,0.5263142564090122,0.7585977033129154,7.206207990646362,1.0828802585601807,0,,26
15,10,LogReg_Classic,0.01,0.9387425115925242,0.9382911104935537,0.9448540726664267,0.544002375416405,0.5263142564090122,0.5584587775534363,7.206207990646362,8.886656284332275,0,,26
15,25,LogReg_Classic,0.01,0.9387425115925242,0.9382911104935537,0.9449287843580755,0.544002375416405,0.5263142564090122,0.5346408495955208,7.206207990646362,21.827094316482544,0,,26
15,1,LogReg_Classic,0.1,0.9416364875670059,0.9413982101749512,0.9518629895092683,0.34864008235344035,0.33490958215876154,0.5335884389958848,7.3435797691345215,1.0728545188903809,0,,27
15,10,LogReg_Classic,0.1,0.9416364875670059,0.9413982101749512,0.9460396043553998,0.34864008235344035,0.33490958215876154,0.36151485060875344,7.3435797691345215,8.866602182388306,0,,27
15,25,LogReg_Classic,0.1,0.9416364875670059,0.9413982101749512,0.9459988450748833,0.34864008235344035,0.33490958215876154,0.34041670257016665,7.3435797691345215,21.818103790283203,0,,27
15,1,LogReg_Classic,1.0,0.9442483010091893,0.9440934015053997,0.9531163576857407,0.2004814323674993,0.19400607454452,0.333624435371976,6.894350528717041,1.0929133892059326,0,,28
15,10,LogReg_Classic,1.0,0.9442483010091893,0.9440934015053997,0.9471769307515562,0.2004814323674993,0.19400607454452,0.20592654493260695,6.894350528717041,8.900686979293823,0,,28
15,25,LogReg_Classic,1.0,0.9442483010091893,0.9440934015053997,0.9470254258563575,0.2004814323674993,0.19400607454452,0.191118925981358,6.894350528717041,21.83412003517151,0,,28
15,1,LogReg_Classic,10.0,0.9448303565955926,0.945137130983929,0.952175902121622,0.06664917948281943,0.064854994097112,0.09111335148984144,6.400035858154297,1.210218906402588,0,,29
15,10,LogReg_Classic,10.0,0.9448303565955926,0.945137130983929,0.946546184831963,0.06664917948281943,0.064854994097112,0.06368249988940353,6.400035858154297,9.307807207107544,0,,29
15,25,LogReg_Classic,10.0,0.9448303565955926,0.945137130983929,0.946381282578835,0.06664917948281943,0.064854994097112,0.061102250051950184,6.400035858154297,23.179807424545288,0,,29
15,1,LogReg_Classic,100.0,0.9439516936340807,0.9440308104048991,0.9504561710489701,0.05504259665729698,0.05331040357917504,0.06962313115223344,6.746990203857422,1.220249891281128,0,,30
15,10,LogReg_Classic,100.0,0.9439516936340807,0.9440308104048991,0.9457760126765324,0.05504259665729698,0.05331040357917504,0.051095825456937895,6.746990203857422,9.347886562347412,0,,30
15,25,LogReg_Classic,100.0,0.9439516936340807,0.9440308104048991,0.9461261151291848,0.05504259665729698,0.05331040357917504,0.04953181449019758,6.746990203857422,23.158642768859863,0,,30
20,1,LogReg_Classic,0.001,0.8570885349915667,0.861260809288732,0.8230328876022477,0.5954885342441254,0.5851431349546827,0.8120351335663161,9.768002986907959,1.1681091785430908,0,,31
20,10,LogReg_Classic,0.001,0.8570885349915667,0.861260809288732,0.8446050943724508,0.5954885342441254,0.5851431349546827,0.6153285426458621,9.768002986907959,9.43611741065979,0,,31
20,25,LogReg_Classic,0.001,0.8570885349915667,0.861260809288732,0.8500318895656991,0.5954885342441254,0.5851431349546827,0.5917292052774753,9.768002986907959,23.116538047790527,0,,31
20,1,LogReg_Classic,0.01,0.9131388103530791,0.9150418637569148,0.9023901599432921,0.5948534202985286,0.5845070210396386,0.811456897167278,10.183104515075684,1.1300110816955566,0,,32
20,10,LogReg_Classic,0.01,0.9131388103530791,0.9150418637569148,0.9086256706048075,0.5948534202985286,0.5845070210396386,0.6148468124889893,10.183104515075684,9.4070405960083,0,,32
20,25,LogReg_Classic,0.01,0.9131388103530791,0.9150418637569148,0.9101878934652033,0.5948534202985286,0.5845070210396386,0.5912563746219297,10.183104515075684,23.069410800933838,0,,32
20,1,LogReg_Classic,0.1,0.940597623221006,0.9417145632771768,0.9411415097904716,0.5861520598320965,0.575782956348511,0.8030175964538271,10.17809271812439,1.1520640850067139,0,,33
20,10,LogReg_Classic,0.1,0.940597623221006,0.9417145632771768,0.9386705259184472,0.5861520598320965,0.575782956348511,0.6065556903823373,10.17809271812439,9.38197374343872,0,,33
20,25,LogReg_Classic,0.1,0.940597623221006,0.9417145632771768,0.9392595981189324,0.5861520598320965,0.575782956348511,0.5829726501962446,10.17809271812439,23.176690340042114,0,,33
20,1,LogReg_Classic,1.0,0.9418661082833105,0.9429342486274117,0.942795967234929,0.5248966209130547,0.5143672945710865,0.7413727959309566,9.637654542922974,1.143040418624878,0,,34
20,10,LogReg_Classic,1.0,0.9418661082833105,0.9429342486274117,0.94007792780321,0.5248966209130547,0.5143672945710865,0.5457085829531446,9.637654542922974,9.50429892539978,0,,34
20,25,LogReg_Classic,1.0,0.9418661082833105,0.9429342486274117,0.9406427924898132,0.5248966209130547,0.5143672945710865,0.5220636870680404,9.637654542922974,23.15764045715332,0,,34
20,1,LogReg_Classic,10.0,0.9429715067651704,0.9435595186521404,0.9470092654197495,0.3791237544071745,0.368665538670645,0.5878287842116463,8.898683786392212,1.1661028861999512,0,,35
20,10,LogReg_Classic,10.0,0.9429715067651704,0.9435595186521404,0.943701839021866,0.3791237544071745,0.368665538670645,0.3991290159871302,8.898683786392212,9.676756858825684,0,,35
20,25,LogReg_Classic,10.0,0.9429715067651704,0.9435595186521404,0.944091496965812,0.3791237544071745,0.368665538670645,0.3753891975415866,8.898683786392212,23.558706998825073,0,,35
20,1,LogReg_Classic,100.0,0.9428906334204326,0.9431040442973211,0.9492165446889597,0.31274466135314816,0.3021782745941725,0.5135764757527846,9.248618602752686,1.1891021728515625,0,,36
20,10,LogReg_Classic,100.0,0.9428906334204326,0.9431040442973211,0.9444148083416006,0.31274466135314816,0.3021782745941725,0.3327440346090382,9.248618602752686,9.62111496925354,0,,36
20,25,LogReg_Classic,100.0,0.9428906334204326,0.9431040442973211,0.9450120782383565,0.31274466135314816,0.3021782745941725,0.30954932879132196,9.248618602752686,24.78680968284607,0,,36
30,1,LogReg_Classic,0.001,0.8571412074918825,0.8582227480486546,0.8390964984706504,0.5878684290113034,0.5843277406335393,0.8112193487409156,15.19178295135498,1.1440284252166748,0,,37
30,10,LogReg_Classic,0.001,0.8571412074918825,0.8582227480486546,0.8533480885252092,0.5878684290113034,0.5843277406335393,0.6145140245644827,15.19178295135498,9.414921760559082,0,,37
30,25,LogReg_Classic,0.001,0.8571412074918825,0.8582227480486546,0.8556564224492076,0.5878684290113034,0.5843277406335393,0.5909142861602155,15.19178295135498,22.923681259155273,0,,37
30,1,LogReg_Classic,0.01,0.8809948814723647,0.881693036130811,0.869495686787358,0.5840660085375237,0.5805204652341696,0.807398473675222,15.077912330627441,1.1721103191375732,0,,38
30,10,LogReg_Classic,0.01,0.8809948814723647,0.881693036130811,0.8804594626733561,0.5840660085375237,0.5805204652341696,0.610720376305371,15.077912330627441,9.883224248886108,0,,38
30,25,LogReg_Classic,0.01,0.8809948814723647,0.881693036130811,0.8817433890050117,0.5840660085375237,0.5805204652341696,0.5871169019984663,15.077912330627441,24.154091119766235,0,,38
30,1,LogReg_Classic,0.1,0.9110477190992623,0.9117200340675713,0.907195215099508,0.5734380001113318,0.5698588029568209,0.7968979620789188,16.057607412338257,1.216243028640747,0,,39
30,10,LogReg_Classic,0.1,0.9110477190992623,0.9117200340675713,0.910635891644855,0.5734380001113318,0.5698588029568209,0.6004231943718936,16.057607412338257,9.413099527359009,0,,39
30,25,LogReg_Classic,0.1,0.9110477190992623,0.9117200340675713,0.9114389783710956,0.5734380001113318,0.5698588029568209,0.5768190368554492,16.057607412338257,23.197856903076172,0,,39
30,1,LogReg_Classic,1.0,0.9304483176633355,0.9309550259491051,0.9339322093290902,0.5605322378975218,0.556894936053371,0.784211669880347,14.188833475112915,1.138026475906372,0,,40
30,10,LogReg_Classic,1.0,0.9304483176633355,0.9309550259491051,0.9319832043444418,0.5605322378975218,0.556894936053371,0.5880344049859407,14.188833475112915,9.43308973312378,0,,40
30,25,LogReg_Classic,1.0,0.9304483176633355,0.9309550259491051,0.9322829437492158,0.5605322378975218,0.556894936053371,0.564433575420031,14.188833475112915,23.140542030334473,0,,40
30,1,LogReg_Classic,10.0,0.9334246548509251,0.9338229653623327,0.9366619639116996,0.5379936008255736,0.5343102479023514,0.7622517011187515,13.352508306503296,1.1921708583831787,0,,41
30,10,LogReg_Classic,10.0,0.9334246548509251,0.9338229653623327,0.9352238831608533,0.5379936008255736,0.5343102479023514,0.5657740706415295,13.352508306503296,9.441104173660278,0,,41
30,25,LogReg_Classic,10.0,0.9334246548509251,0.9338229653623327,0.9354521656216553,0.5379936008255736,0.5343102479023514,0.5420907553945737,13.352508306503296,23.171624422073364,0,,41
30,1,LogReg_Classic,100.0,0.9418261042750369,0.9426326509301397,0.9427407136812379,0.5229510821497334,0.5192690504533763,0.7448953741592881,13.145965099334717,1.2172446250915527,0,,42
30,10,LogReg_Classic,100.0,0.9418261042750369,0.9426326509301397,0.9412496453122539,0.5229510821497334,0.5192690504533763,0.5497836742372642,13.145965099334717,9.444182395935059,0,,42
30,25,LogReg_Classic,100.0,0.9418261042750369,0.9426326509301397,0.9417329915043341,0.5229510821497334,0.5192690504533763,0.5261017875896411,13.145965099334717,23.109619855880737,0,,42
40,,LogReg_Classic,0.001,,,,,,,,,1,"FIT_ERROR$This solver needs samples of at least 2 classes in the data, but the data contains only one class: False",43
40,,LogReg_Classic,0.01,,,,,,,,,1,"FIT_ERROR$This solver needs samples of at least 2 classes in the data, but the data contains only one class: False",44
40,,LogReg_Classic,0.1,,,,,,,,,1,"FIT_ERROR$This solver needs samples of at least 2 classes in the data, but the data contains only one class: False",45
40,,LogReg_Classic,1.0,,,,,,,,,1,"FIT_ERROR$This solver needs samples of at least 2 classes in the data, but the data contains only one class: False",46
40,,LogReg_Classic,10.0,,,,,,,,,1,"FIT_ERROR$This solver needs samples of at least 2 classes in the data, but the data contains only one class: False",47
40,,LogReg_Classic,100.0,,,,,,,,,1,"FIT_ERROR$This solver needs samples of at least 2 classes in the data, but the data contains only one class: False",48
50,,LogReg_Classic,0.001,,,,,,,,,1,"FIT_ERROR$This solver needs samples of at least 2 classes in the data, but the data contains only one class: False",49
50,,LogReg_Classic,0.01,,,,,,,,,1,"FIT_ERROR$This solver needs samples of at least 2 classes in the data, but the data contains only one class: False",50
50,,LogReg_Classic,0.1,,,,,,,,,1,"FIT_ERROR$This solver needs samples of at least 2 classes in the data, but the data contains only one class: False",51
50,,LogReg_Classic,1.0,,,,,,,,,1,"FIT_ERROR$This solver needs samples of at least 2 classes in the data, but the data contains only one class: False",52
50,,LogReg_Classic,10.0,,,,,,,,,1,"FIT_ERROR$This solver needs samples of at least 2 classes in the data, but the data contains only one class: False",53
50,,LogReg_Classic,100.0,,,,,,,,,1,"FIT_ERROR$This solver needs samples of at least 2 classes in the data, but the data contains only one class: False",54
