serial_number,capacity_bytes,failure,smart_1_raw,smart_5_raw,smart_9_raw,smart_194_raw,smart_197_raw,time,model_encoded,season_April,max_lifetime
5XW1STWS,-0.01890056040265448,0,0.04800878955737503,-0.12361493570994192,-1.180118957294321,-0.5214907436466573,0.0,0,0.0,0.0,13
5XW1STWS,-0.01890056040265448,0,0.17551686133078936,-0.12361493570994192,-1.1779378301009655,-0.5214907436466573,0.0,1,0.0,0.0,13
5XW1STWS,-0.01890056040265448,0,0.43301406052909697,-0.12361493570994192,-1.173575575714255,-0.5214907436466573,0.0,3,0.0,0.0,13
5XW1STWS,-0.01890056040265448,0,0.8176897554507612,-0.12361493570994192,-1.1669413138344658,-0.5214907436466573,0.0,6,0.0,0.0,13
5XW1STWS,-0.01890056040265448,0,0.9446571357834207,-0.12361493570994192,-1.1648510669408336,-0.5214907436466573,0.0,7,0.0,0.0,13
5XW1STWS,-0.01890056040265448,0,1.0713676647193526,-0.12361493570994192,-1.162579059447755,-0.5214907436466573,0.0,8,0.0,0.0,13
5XW1STWS,-0.01890056040265448,0,1.3269550616763028,-0.12361493570994192,-1.1582168050610444,-0.5214907436466573,0.0,10,0.0,0.0,13
5XW1STWS,-0.01890056040265448,0,1.4527568218343652,-0.12361493570994192,-1.156035677867689,-0.5214907436466573,0.0,11,0.0,0.0,13
5XW1STWS,-0.01890056040265448,0,1.5835046510924446,-0.12361493570994192,-1.1538545506743336,-0.5214907436466573,0.0,12,0.0,0.0,13
5XW1STWS,-0.01890056040265448,0,1.7109702204646564,-0.12361493570994192,-1.1516734234809785,-0.3467763134252611,0.0,13,0.0,0.0,13
5XW2GWXB,-0.01890056040265448,0,0.4968444132643811,-0.12361493570994192,-0.16553129118519372,-1.0456340343108457,0.0,0,0.0,0.0,13
5XW2GWXB,-0.01890056040265448,0,0.8802055408754405,-0.12361493570994192,-0.1589879096051277,-1.0456340343108457,0.0,3,0.0,0.0,13
5XW2GWXB,-0.01890056040265448,0,1.0100220541966938,-0.12361493570994192,-0.15680678241177234,-1.0456340343108457,0.0,4,0.0,0.0,13
5XW2GWXB,-0.01890056040265448,0,1.1350534866427329,-0.12361493570994192,-0.154625655218417,-1.0456340343108457,0.0,5,0.0,0.0,13
5XW2GWXB,-0.01890056040265448,0,1.2620920314458484,-0.12361493570994192,-0.15244452802506167,-1.0456340343108457,0.0,6,0.0,0.0,13
5XW2GWXB,-0.01890056040265448,0,1.388132625404865,-0.12361493570994192,-0.15026340083170633,-1.0456340343108457,0.0,7,0.0,0.0,13
5XW2GWXB,-0.01890056040265448,0,1.767969450888514,-0.12361493570994192,-0.1437200192516403,-1.0456340343108457,0.0,10,0.0,0.0,13
5XW2GWXB,-0.01890056040265448,0,1.893137047036688,-0.12361493570994192,-0.14153889205828496,-1.0456340343108457,0.0,11,0.0,0.0,13
5XW2GWXB,-0.01890056040265448,0,2.0204050267971527,-0.12361493570994192,-0.13926688456520647,-1.0456340343108457,0.0,12,0.0,0.0,13
5XW2GWXB,-0.01890056040265448,0,2.146514231056275,-0.12361493570994192,-0.13708575737185114,-1.0456340343108457,0.0,13,0.0,0.0,13
5YD1508Q,-0.01890056040265448,0,0.5761240239552514,-0.12361493570994192,-1.2389185112151921,-0.5214907436466573,0.0,0,0.0,0.0,13
5YD1508Q,-0.01890056040265448,0,0.7086641762006842,-0.12361493570994192,-1.2368282643215598,-0.5214907436466573,0.0,1,0.0,0.0,13
5YD1508Q,-0.01890056040265448,0,0.9701628040971525,-0.12361493570994192,-1.2324660099348492,-0.5214907436466573,0.0,3,0.0,0.0,13
5YD1508Q,-0.01890056040265448,0,1.103813705892066,-0.12361493570994192,-1.2301940024417708,-0.5214907436466573,0.0,4,0.0,0.0,13
5YD1508Q,-0.01890056040265448,0,1.2309531089687276,-0.12361493570994192,-1.2281037555481384,-0.6962051738680535,0.0,5,0.0,0.0,13
5YD1508Q,-0.01890056040265448,0,1.3620677573519269,-0.12361493570994192,-1.22583174805506,-0.5214907436466573,0.0,6,0.0,0.0,13
5YD1508Q,-0.01890056040265448,0,1.6243659034787101,-0.12361493570994192,-1.2215603739680725,-0.6962051738680535,0.0,8,0.0,0.0,13
5YD1508Q,-0.01890056040265448,0,2.0146268266119014,-0.12361493570994192,-1.2150169923880065,-0.6962051738680535,0.0,11,0.0,0.0,13
5YD1508Q,-0.01890056040265448,0,2.1477025745395077,-0.12361493570994192,-1.2127449848949279,-0.6962051738680535,0.0,12,0.0,0.0,13
5YD1508Q,-0.01890056040265448,0,-0.7965423830892338,-0.12361493570994192,-1.2106547380012957,-0.5214907436466573,0.0,13,0.0,0.0,13
5YD37SDF,-0.01890056040265448,0,-0.7292098224291776,-0.12361493570994192,-1.2411905187082706,-0.8709196040894496,0.0,0,0.0,0.0,13
5YD37SDF,-0.01890056040265448,0,-0.6032772962984404,-0.12361493570994192,-1.2390093915149152,-0.8709196040894496,0.0,1,0.0,0.0,13
5YD37SDF,-0.01890056040265448,0,-0.3475099750261575,-0.12361493570994192,-1.2346471371282046,-0.8709196040894496,0.0,3,0.0,0.0,13
5YD37SDF,-0.01890056040265448,0,-0.22119314062356543,-0.12361493570994192,-1.2324660099348492,-0.8709196040894496,0.0,4,0.0,0.0,13
5YD37SDF,-0.01890056040265448,0,-0.09244906429653484,-0.12361493570994192,-1.2302848827414938,-0.8709196040894496,0.0,5,0.0,0.0,13
5YD37SDF,-0.01890056040265448,0,0.03400577079770544,-0.12361493570994192,-1.2281037555481384,-0.8709196040894496,0.0,6,0.0,0.0,13
5YD37SDF,-0.01890056040265448,0,0.16044309158097067,-0.12361493570994192,-1.2259226283547833,-0.8709196040894496,0.0,7,0.0,0.0,13
5YD37SDF,-0.01890056040265448,0,0.2852222902683051,-0.12361493570994192,-1.2237415011614279,-0.8709196040894496,0.0,8,0.0,0.0,13
5YD37SDF,-0.01890056040265448,0,0.6659677083801447,-0.12361493570994192,-1.2171981195813617,-0.8709196040894496,0.0,11,0.0,0.0,13
5YD37SDF,-0.01890056040265448,0,0.9218166624466849,-0.12361493570994192,-1.2128358651946511,-0.8709196040894496,0.0,13,0.0,0.0,13
5YD4Y80L,-0.01890056040265448,0,-0.7202592042652511,-0.12361493570994192,-1.2389185112151921,-1.0456340343108457,0.0,0,0.0,0.0,12
5YD4Y80L,-0.01890056040265448,0,-0.4737711461300759,-0.12361493570994192,-1.2346471371282046,-1.0456340343108457,0.0,2,0.0,0.0,12
5YD4Y80L,-0.01890056040265448,0,-0.3508065911108919,-0.12361493570994192,-1.2324660099348492,-1.0456340343108457,0.0,3,0.0,0.0,12
5YD4Y80L,-0.01890056040265448,0,-0.22713341109593582,-0.12361493570994192,-1.2301940024417708,-1.0456340343108457,0.0,4,0.0,0.0,12
5YD4Y80L,-0.01890056040265448,0,-0.10185354469141816,-0.12361493570994192,-1.2281037555481384,-1.0456340343108457,0.0,5,0.0,0.0,12
5YD4Y80L,-0.01890056040265448,0,0.020955797296021473,-0.12361493570994192,-1.22583174805506,-0.8709196040894496,0.0,6,0.0,0.0,12
5YD4Y80L,-0.01890056040265448,0,0.27004825360457824,-0.12361493570994192,-1.2214694936683492,-1.0456340343108457,0.0,8,0.0,0.0,12
5YD4Y80L,-0.01890056040265448,0,0.39067182971372383,-0.12361493570994192,-1.219379246774717,-1.0456340343108457,0.0,9,0.0,0.0,12
5YD4Y80L,-0.01890056040265448,0,0.5144087255841236,-0.12361493570994192,-1.2171981195813617,-1.0456340343108457,0.0,10,0.0,0.0,12
5YD4Y80L,-0.01890056040265448,0,0.7590044328783166,-0.12361493570994192,-1.2127449848949279,-1.0456340343108457,0.0,12,0.0,0.0,12
5YD5BKXC,-0.01890056040265448,0,-0.031948594771141765,-0.12361493570994192,-1.2389185112151921,-0.6962051738680535,0.0,0,0.0,0.0,13
5YD5BKXC,-0.01890056040265448,0,0.08909723728363789,-0.12361493570994192,-1.2368282643215598,-0.6962051738680535,0.0,1,0.0,0.0,13
5YD5BKXC,-0.01890056040265448,0,0.21034237011847842,-0.12361493570994192,-1.2346471371282046,-0.6962051738680535,0.0,2,0.0,0.0,13
5YD5BKXC,-0.01890056040265448,0,0.574917750951085,-0.12361493570994192,-1.2281037555481384,-0.8709196040894496,0.0,5,0.0,0.0,13
5YD5BKXC,-0.01890056040265448,0,0.6966640547879068,-0.12361493570994192,-1.22583174805506,-0.6962051738680535,0.0,6,0.0,0.0,13
5YD5BKXC,-0.01890056040265448,0,0.9427984043669538,-0.12361493570994192,-1.2214694936683492,-0.8709196040894496,0.0,8,0.0,0.0,13
5YD5BKXC,-0.01890056040265448,0,1.0635909835113126,-0.12361493570994192,-1.219288366474994,-0.8709196040894496,0.0,9,0.0,0.0,13
5YD5BKXC,-0.01890056040265448,0,1.1866004315344902,-0.12361493570994192,-1.2171981195813617,-0.8709196040894496,0.0,10,0.0,0.0,13
5YD5BKXC,-0.01890056040265448,0,1.4277676621268378,-0.12361493570994192,-1.2127449848949279,-0.8709196040894496,0.0,12,0.0,0.0,13
5YD5BKXC,-0.01890056040265448,0,1.5517844850019595,-0.12361493570994192,-1.2106547380012957,-0.6962051738680535,0.0,13,0.0,0.0,13
5YD75BKY,-0.01890056040265448,0,0.33370290961683396,-0.12361493570994192,-1.2411905187082706,-0.6962051738680535,0.0,0,0.0,0.0,13
5YD75BKY,-0.01890056040265448,0,0.46711545573135144,-0.12361493570994192,-1.2390093915149152,-0.5214907436466573,0.0,1,0.0,0.0,13
5YD75BKY,-0.01890056040265448,0,0.5985653924470673,-0.12361493570994192,-1.2368282643215598,-0.6962051738680535,0.0,2,0.0,0.0,13
5YD75BKY,-0.01890056040265448,0,0.8619905945507909,-0.12361493570994192,-1.2324660099348492,-0.6962051738680535,0.0,4,0.0,0.0,13
5YD75BKY,-0.01890056040265448,0,0.9905455364506828,-0.12361493570994192,-1.2302848827414938,-0.6962051738680535,0.0,5,0.0,0.0,13
5YD75BKY,-0.01890056040265448,0,1.1206637815905374,-0.12361493570994192,-1.2281037555481384,-0.6962051738680535,0.0,6,0.0,0.0,13
5YD75BKY,-0.01890056040265448,0,1.251854627292174,-0.12361493570994192,-1.2259226283547833,-0.6962051738680535,0.0,7,0.0,0.0,13
5YD75BKY,-0.01890056040265448,0,1.5129644173536043,-0.12361493570994192,-1.2215603739680725,-0.6962051738680535,0.0,9,0.0,0.0,13
5YD75BKY,-0.01890056040265448,0,1.9012242801294164,-0.12361493570994192,-1.2150169923880065,-0.6962051738680535,0.0,12,0.0,0.0,13
5YD75BKY,-0.01890056040265448,0,2.0321429494122225,-0.12361493570994192,-1.2128358651946511,-0.6962051738680535,0.0,13,0.0,0.0,13
5YD7MDKX,-0.01890056040265448,0,-0.5030536648829212,-0.12361493570994192,-1.2390093915149152,-1.395062894753638,0.0,0,0.0,0.0,13
5YD7MDKX,-0.01890056040265448,0,-0.24858059079751862,-0.12361493570994192,-1.2346471371282046,-1.395062894753638,0.0,2,0.0,0.0,13
5YD7MDKX,-0.01890056040265448,0,-0.11806163030139023,-0.12361493570994192,-1.2324660099348492,-1.395062894753638,0.0,3,0.0,0.0,13
5YD7MDKX,-0.01890056040265448,0,0.009695806507379326,-0.12361493570994192,-1.2302848827414938,-1.395062894753638,0.0,4,0.0,0.0,13
5YD7MDKX,-0.01890056040265448,0,0.13964545123985905,-0.12361493570994192,-1.2281037555481384,-1.395062894753638,0.0,5,0.0,0.0,13
5YD7MDKX,-0.01890056040265448,0,0.26772327915112043,-0.12361493570994192,-1.2259226283547833,-1.395062894753638,0.0,6,0.0,0.0,13
5YD7MDKX,-0.01890056040265448,0,0.39451702622842383,-0.12361493570994192,-1.2237415011614279,-1.395062894753638,0.0,7,0.0,0.0,13
5YD7MDKX,-0.01890056040265448,0,0.778229006254382,-0.12361493570994192,-1.2171981195813617,-1.395062894753638,0.0,10,0.0,0.0,13
5YD7MDKX,-0.01890056040265448,0,0.9046873643422092,-0.12361493570994192,-1.2150169923880065,-1.395062894753638,0.0,11,0.0,0.0,13
5YD7MDKX,-0.01890056040265448,0,1.1637574417737637,-0.12361493570994192,-1.2106547380012957,-1.395062894753638,0.0,13,0.0,0.0,13
5YD8MWAH,-0.01890056040265448,0,-0.7472814709896787,-0.12361493570994192,-1.2411905187082706,-0.6962051738680535,0.0,0,0.0,0.0,13
5YD8MWAH,-0.01890056040265448,0,-0.6178695357355248,-0.12361493570994192,-1.2390093915149152,-0.6962051738680535,0.0,1,0.0,0.0,13
5YD8MWAH,-0.01890056040265448,0,-0.2326661215387777,-0.12361493570994192,-1.2324660099348492,-0.6962051738680535,0.0,4,0.0,0.0,13
5YD8MWAH,-0.01890056040265448,0,-0.10803982077311627,-0.12361493570994192,-1.2302848827414938,-0.6962051738680535,0.0,5,0.0,0.0,13
5YD8MWAH,-0.01890056040265448,0,0.020362323862062378,-0.12361493570994192,-1.2281037555481384,-0.6962051738680535,0.0,6,0.0,0.0,13
5YD8MWAH,-0.01890056040265448,0,0.14659208999457732,-0.12361493570994192,-1.2259226283547833,-0.6962051738680535,0.0,7,0.0,0.0,13
5YD8MWAH,-0.01890056040265448,0,0.5295392784412917,-0.12361493570994192,-1.219379246774717,-0.6962051738680535,0.0,10,0.0,0.0,13
5YD8MWAH,-0.01890056040265448,0,0.655473415083383,-0.12361493570994192,-1.2171981195813617,-0.8709196040894496,0.0,11,0.0,0.0,13
5YD8MWAH,-0.01890056040265448,0,0.7836174752740788,-0.12361493570994192,-1.2150169923880065,-0.6962051738680535,0.0,12,0.0,0.0,13
5YD8MWAH,-0.01890056040265448,0,0.9119240964545716,-0.12361493570994192,-1.2128358651946511,-0.6962051738680535,0.0,13,0.0,0.0,13
6XW0XH8X,-0.01890056040265448,0,0.19726968589027868,-0.12361493570994192,-0.5709483082501182,-0.6962051738680535,0.0,0,0.0,0.0,11
6XW0XH8X,-0.01890056040265448,0,0.32783576642563234,-0.12361493570994192,-0.568858061356486,-0.6962051738680535,0.0,1,0.0,0.0,11
6XW0XH8X,-0.01890056040265448,0,0.4579210086648492,-0.12361493570994192,-0.5665860538634074,-0.6962051738680535,0.0,2,0.0,0.0,11
6XW0XH8X,-0.01890056040265448,0,0.5911354744649413,-0.12361493570994192,-0.5644049266700522,-0.6962051738680535,0.0,3,0.0,0.0,11
6XW0XH8X,-0.01890056040265448,0,0.7226964232250054,-0.12361493570994192,-0.5622237994766968,-0.6962051738680535,0.0,4,0.0,0.0,11
6XW0XH8X,-0.01890056040265448,0,1.1162037220379575,-0.12361493570994192,-0.5556804178966308,-0.6962051738680535,0.0,7,0.0,0.0,11
6XW0XH8X,-0.01890056040265448,0,1.2452741659744577,-0.12361493570994192,-0.5534992907032754,-0.6962051738680535,0.0,8,0.0,0.0,11
6XW0XH8X,-0.01890056040265448,0,1.377519959523582,-0.12361493570994192,-0.5513181635099201,-0.6962051738680535,0.0,9,0.0,0.0,11
6XW0XH8X,-0.01890056040265448,0,1.5095772351694456,-0.12361493570994192,-0.5491370363165647,-0.6962051738680535,0.0,10,0.0,0.0,11
6XW0XH8X,-0.01890056040265448,0,1.639646988819,-0.12361493570994192,-0.5469559091232093,-0.6962051738680535,0.0,11,0.0,0.0,11
6XW11S0D,-0.01890056040265448,0,0.9246031113136713,-0.12361493570994192,1.0793470544223684,-1.220348464532242,0.0,0,0.0,0.0,13
6XW11S0D,-0.01890056040265448,0,1.179612246619686,-0.12361493570994192,1.0837093088090792,-1.220348464532242,0.0,2,0.0,0.0,13
6XW11S0D,-0.01890056040265448,0,1.30757877309784,-0.12361493570994192,1.0858904360024346,-1.220348464532242,0.0,3,0.0,0.0,13
6XW11S0D,-0.01890056040265448,0,1.4368706120170394,-0.12361493570994192,1.0880715631957898,-1.220348464532242,0.0,4,0.0,0.0,13
6XW11S0D,-0.01890056040265448,0,1.6883524129047351,-0.12361493570994192,1.0924338175825006,-1.220348464532242,0.0,6,0.0,0.0,13
6XW11S0D,-0.01890056040265448,0,1.815179968138353,-0.12361493570994192,1.094614944775856,-1.395062894753638,0.0,7,0.0,0.0,13
6XW11S0D,-0.01890056040265448,0,1.9424310375296003,-0.12361493570994192,1.0967960719692111,-1.220348464532242,0.0,8,0.0,0.0,13
6XW11S0D,-0.01890056040265448,0,2.1949637851506387,-0.12361493570994192,1.101158326355922,-1.220348464532242,0.0,10,0.0,0.0,13
6XW11S0D,-0.01890056040265448,0,-0.7518242957273115,-0.12361493570994192,1.1033394535492773,-1.395062894753638,0.0,11,0.0,0.0,13
6XW11S0D,-0.01890056040265448,0,-0.4959934473313842,-0.12361493570994192,1.1077017079359879,-1.220348464532242,0.0,13,0.0,0.0,13
6XW12B38,-0.01890056040265448,0,1.9637187262786546,-0.12361493570994192,-1.0293485400536329,-1.0456340343108457,0.0,0,0.0,0.0,13
6XW12B38,-0.01890056040265448,0,2.202318424309084,-0.12361493570994192,-1.024986285666922,-1.0456340343108457,0.0,2,0.0,0.0,13
6XW12B38,-0.01890056040265448,0,-0.7494474451932861,-0.12361493570994192,-1.022805158473567,-1.0456340343108457,0.0,3,0.0,0.0,13
6XW12B38,-0.01890056040265448,0,-0.3844767467338656,-0.12361493570994192,-1.0162617768935007,-1.0456340343108457,0.0,6,0.0,0.0,13
6XW12B38,-0.01890056040265448,0,-0.26287278442007583,-0.12361493570994192,-1.0140806497001453,-1.0456340343108457,0.0,7,0.0,0.0,13
6XW12B38,-0.01890056040265448,0,-0.023532150509834277,-0.12361493570994192,-1.0097183953134348,-1.220348464532242,0.0,9,0.0,0.0,13
6XW12B38,-0.01890056040265448,0,0.09687880035421984,-0.12361493570994192,-1.0075372681200794,-1.0456340343108457,0.0,10,0.0,0.0,13
6XW12B38,-0.01890056040265448,0,0.2171727626669478,-0.12361493570994192,-1.005356140926724,-1.0456340343108457,0.0,11,0.0,0.0,13
6XW12B38,-0.01890056040265448,0,0.33699295783495276,-0.12361493570994192,-1.0031750137333688,-1.0456340343108457,0.0,12,0.0,0.0,13
6XW12B38,-0.01890056040265448,0,0.4578144381088444,-0.12361493570994192,-1.0009030062402902,-1.0456340343108457,0.0,13,0.0,0.0,13
6XW14WAM,-0.01890056040265448,0,0.5265844304808498,-0.12361493570994192,1.0793470544223684,-1.0456340343108457,0.0,0,0.0,0.0,13
6XW14WAM,-0.01890056040265448,0,0.791309982099631,-0.12361493570994192,1.0837093088090792,-1.0456340343108457,0.0,2,0.0,0.0,13
6XW14WAM,-0.01890056040265448,0,0.9270897030979298,-0.12361493570994192,1.0858904360024346,-1.0456340343108457,0.0,3,0.0,0.0,13
6XW14WAM,-0.01890056040265448,0,1.0608975542571413,-0.12361493570994192,1.0880715631957898,-1.0456340343108457,0.0,4,0.0,0.0,13
6XW14WAM,-0.01890056040265448,0,1.4532133892211119,-0.12361493570994192,1.094614944775856,-1.0456340343108457,0.0,7,0.0,0.0,13
6XW14WAM,-0.01890056040265448,0,1.5860284230411652,-0.12361493570994192,1.0967960719692111,-1.0456340343108457,0.0,8,0.0,0.0,13
6XW14WAM,-0.01890056040265448,0,1.720624355283654,-0.12361493570994192,1.0989771991625665,-1.0456340343108457,0.0,9,0.0,0.0,13
6XW14WAM,-0.01890056040265448,0,1.8499588979179749,-0.12361493570994192,1.101158326355922,-1.0456340343108457,0.0,10,0.0,0.0,13
6XW14WAM,-0.01890056040265448,0,2.1136459465200472,-0.12361493570994192,1.1055205807426327,-1.0456340343108457,0.0,12,0.0,0.0,13
6XW14WAM,-0.01890056040265448,0,2.243252929797718,-0.12361493570994192,1.1077017079359879,-1.0456340343108457,0.0,13,0.0,0.0,13
6XW15MX9,-0.01890056040265448,0,-0.7608725763063158,-0.12361493570994192,1.0794379347220917,-0.8709196040894496,0.0,0,0.0,0.0,13
6XW15MX9,-0.01890056040265448,0,-0.6338402219062172,-0.12361493570994192,1.0816190619154469,-0.8709196040894496,0.0,1,0.0,0.0,13
6XW15MX9,-0.01890056040265448,0,-0.25388002873642557,-0.12361493570994192,1.088162443495513,-0.8709196040894496,0.0,4,0.0,0.0,13
6XW15MX9,-0.01890056040265448,0,-0.12617026558015923,-0.12361493570994192,1.0903435706888684,-0.8709196040894496,0.0,5,0.0,0.0,13
6XW15MX9,-0.01890056040265448,0,0.0006029726416202413,-0.12361493570994192,1.0925246978822236,-0.8709196040894496,0.0,6,0.0,0.0,13
6XW15MX9,-0.01890056040265448,0,0.2508959393434049,-0.12361493570994192,1.0968869522689344,-0.8709196040894496,0.0,8,0.0,0.0,13
6XW15MX9,-0.01890056040265448,0,0.3783581367074693,-0.12361493570994192,1.0990680794622898,-0.8709196040894496,0.0,9,0.0,0.0,13
6XW15MX9,-0.01890056040265448,0,0.5052371024832167,-0.12361493570994192,1.101249206655645,-0.8709196040894496,0.0,10,0.0,0.0,13
6XW15MX9,-0.01890056040265448,0,0.6310944881935926,-0.12361493570994192,1.1034303338490004,-0.8709196040894496,0.0,11,0.0,0.0,13
6XW15MX9,-0.01890056040265448,0,0.8859514050124118,-0.12361493570994192,1.1077925882357111,-0.8709196040894496,0.0,13,0.0,0.0,13
6XW16FWE,-0.01890056040265448,0,0.11880396221071003,7.25345894571827,1.0793470544223684,-1.395062894753638,0.0,0,0.0,0.0,13
6XW16FWE,-0.01890056040265448,0,0.3153211998743228,7.25345894571827,1.0815281816157238,-1.395062894753638,0.0,1,0.0,0.0,13
6XW16FWE,-0.01890056040265448,0,0.709011002337198,7.25345894571827,1.0858904360024346,-1.395062894753638,0.0,3,0.0,0.0,13
6XW16FWE,-0.01890056040265448,0,0.9065744558570509,7.25345894571827,1.0880715631957898,-1.395062894753638,0.0,4,0.0,0.0,13
6XW16FWE,-0.01890056040265448,0,1.10476179379479,7.25345894571827,1.0902526903891452,-1.395062894753638,0.0,5,0.0,0.0,13
6XW16FWE,-0.01890056040265448,0,1.494606198429046,8.073133821432515,1.094614944775856,-1.395062894753638,0.0,7,0.0,0.0,13
6XW16FWE,-0.01890056040265448,0,1.8875236600407053,8.892808697146762,1.0989771991625665,-1.395062894753638,0.0,9,0.0,0.0,13
6XW16FWE,-0.01890056040265448,0,-0.7929674253468916,8.892808697146762,1.1033394535492773,-1.395062894753638,0.0,11,0.0,0.0,13
6XW16FWE,-0.01890056040265448,0,-0.592762934520353,8.892808697146762,1.1055205807426327,-1.395062894753638,0.0,12,0.0,0.0,13
6XW16FWE,-0.01890056040265448,0,-0.3996155534617231,8.892808697146762,1.1077017079359879,-1.395062894753638,0.0,13,0.0,0.0,13
6XW16JDC,-0.01890056040265448,0,-0.42774658176067876,-0.12361493570994192,1.0794379347220917,-0.5214907436466573,0.0,0,0.0,0.0,13
6XW16JDC,-0.01890056040265448,0,-0.30064289932256477,-0.12361493570994192,1.0816190619154469,-0.5214907436466573,0.0,1,0.0,0.0,13
6XW16JDC,-0.01890056040265448,0,-0.1738281023585794,-0.12361493570994192,1.0838001891088023,-0.5214907436466573,0.0,2,0.0,0.0,13
6XW16JDC,-0.01890056040265448,0,-0.04477483301581546,-0.12361493570994192,1.0859813163021577,-0.5214907436466573,0.0,3,0.0,0.0,13
6XW16JDC,-0.01890056040265448,0,0.08327354015263515,-0.12361493570994192,1.088162443495513,-0.5214907436466573,0.0,4,0.0,0.0,13
6XW16JDC,-0.01890056040265448,0,0.21228905055341912,-0.12361493570994192,1.0903435706888684,-0.5214907436466573,0.0,5,0.0,0.0,13
6XW16JDC,-0.01890056040265448,0,0.5902441193410869,-0.12361493570994192,1.0968869522689344,-0.5214907436466573,0.0,8,0.0,0.0,13
6XW16JDC,-0.01890056040265448,0,0.7191405525586324,-0.12361493570994192,1.0990680794622898,-0.6962051738680535,0.0,9,0.0,0.0,13
6XW16JDC,-0.01890056040265448,0,0.8447632691497586,-0.12361493570994192,1.101249206655645,-0.5214907436466573,0.0,10,0.0,0.0,13
6XW16JDC,-0.01890056040265448,0,1.2249574268400827,-0.12361493570994192,1.1077925882357111,-0.5214907436466573,0.0,13,0.0,0.0,13
6XW16LQV,-0.01890056040265448,0,-0.5948305165459253,-0.12361493570994192,1.0794379347220917,-1.395062894753638,0.0,0,0.0,0.0,13
6XW16LQV,-0.01890056040265448,0,-0.46557975824837383,-0.12361493570994192,1.0816190619154469,-1.395062894753638,0.0,1,0.0,0.0,13
6XW16LQV,-0.01890056040265448,0,-0.3369740600765901,-0.12361493570994192,1.0838001891088023,-1.395062894753638,0.0,2,0.0,0.0,13
6XW16LQV,-0.01890056040265448,0,-0.20663152606644739,-0.12361493570994192,1.0859813163021577,-1.395062894753638,0.0,3,0.0,0.0,13
6XW16LQV,-0.01890056040265448,0,-0.07718035976227906,-0.12361493570994192,1.088162443495513,-1.395062894753638,0.0,4,0.0,0.0,13
6XW16LQV,-0.01890056040265448,0,0.05196217972155382,-0.12361493570994192,1.0903435706888684,-1.395062894753638,0.0,5,0.0,0.0,13
6XW16LQV,-0.01890056040265448,0,0.18010251560474339,-0.12361493570994192,1.0925246978822236,-1.395062894753638,0.0,6,0.0,0.0,13
6XW16LQV,-0.01890056040265448,0,0.434387386339884,-0.12361493570994192,1.0968869522689344,-1.395062894753638,0.0,8,0.0,0.0,13
6XW16LQV,-0.01890056040265448,0,0.8206461761761973,-0.12361493570994192,1.1034303338490004,-1.395062894753638,0.0,11,0.0,0.0,13
6XW16LQV,-0.01890056040265448,0,1.0786739256265774,-0.12361493570994192,1.1077925882357111,-1.220348464532242,0.0,13,0.0,0.0,13
6XW17HSC,-0.01890056040265448,0,1.7085819327835934,-0.12361493570994192,1.0793470544223684,-0.5214907436466573,0.0,0,0.0,0.0,11
6XW17HSC,-0.01890056040265448,0,1.8288637407684465,-0.12361493570994192,1.0814373013160008,-0.5214907436466573,0.0,1,0.0,0.0,11
6XW17HSC,-0.01890056040265448,0,1.9468796473530228,-0.12361493570994192,1.083618428509356,-0.6962051738680535,0.0,2,0.0,0.0,11
6XW17HSC,-0.01890056040265448,0,2.066223332474155,-0.12361493570994192,1.0857995557027114,-0.6962051738680535,0.0,3,0.0,0.0,11
6XW17HSC,-0.01890056040265448,0,-0.7685983376749047,-0.12361493570994192,1.0901618100894221,-0.6962051738680535,0.0,5,0.0,0.0,11
6XW17HSC,-0.01890056040265448,0,-0.6478806095621483,-0.12361493570994192,1.0924338175825006,-0.6962051738680535,0.0,6,0.0,0.0,11
6XW17HSC,-0.01890056040265448,0,-0.5265401797507812,-0.12361493570994192,1.0945240644761327,-0.6962051738680535,0.0,7,0.0,0.0,11
6XW17HSC,-0.01890056040265448,0,-0.4081036025676851,-0.12361493570994192,1.0967960719692111,-0.6962051738680535,0.0,8,0.0,0.0,11
6XW17HSC,-0.01890056040265448,0,-0.2879830721963939,-0.12361493570994192,1.0989771991625665,-0.6962051738680535,0.0,9,0.0,0.0,11
6XW17HSC,-0.01890056040265448,0,-0.049503583739998816,-0.12361493570994192,1.103248573249554,-0.6962051738680535,0.0,11,0.0,0.0,11
6XW17MER,-0.01890056040265448,0,0.40132688475712935,-0.12361493570994192,1.0794379347220917,-1.220348464532242,0.0,0,0.0,0.0,13
6XW17MER,-0.01890056040265448,0,0.5229567536559031,-0.12361493570994192,1.0816190619154469,-1.220348464532242,0.0,1,0.0,0.0,13
6XW17MER,-0.01890056040265448,0,0.6414621172887841,-0.12361493570994192,1.0838001891088023,-1.220348464532242,0.0,2,0.0,0.0,13
6XW17MER,-0.01890056040265448,0,0.7616901115465967,-0.12361493570994192,1.0859813163021577,-1.220348464532242,0.0,3,0.0,0.0,13
6XW17MER,-0.01890056040265448,0,0.8821969004183354,-0.12361493570994192,1.088162443495513,-1.220348464532242,0.0,4,0.0,0.0,13
6XW17MER,-0.01890056040265448,0,1.00232730775379,-0.12361493570994192,1.0903435706888684,-1.220348464532242,0.0,5,0.0,0.0,13
6XW17MER,-0.01890056040265448,0,1.1236578102725139,-0.12361493570994192,1.0925246978822236,-1.220348464532242,0.0,6,0.0,0.0,13
6XW17MER,-0.01890056040265448,0,1.7262229834529315,-0.12361493570994192,1.1034303338490004,-1.220348464532242,0.0,11,0.0,0.0,13
6XW17MER,-0.01890056040265448,0,1.8452624077493518,-0.12361493570994192,1.1056114610423557,-1.220348464532242,0.0,12,0.0,0.0,13
6XW17MER,-0.01890056040265448,0,1.9657443972626625,-0.12361493570994192,1.1077925882357111,-1.220348464532242,0.0,13,0.0,0.0,13
6XW18JMK,-0.01890056040265448,0,0.9068539676518144,-0.12361493570994192,1.0792561741226454,-1.0456340343108457,0.0,0,0.0,0.0,13
6XW18JMK,-0.01890056040265448,0,1.0393300894888045,-0.12361493570994192,1.0815281816157238,-1.0456340343108457,0.0,1,0.0,0.0,13
6XW18JMK,-0.01890056040265448,0,1.170390244710486,-0.12361493570994192,1.0837093088090792,-1.0456340343108457,0.0,2,0.0,0.0,13
6XW18JMK,-0.01890056040265448,0,1.3053080779098611,-0.12361493570994192,1.0858904360024346,-1.0456340343108457,0.0,3,0.0,0.0,13
6XW18JMK,-0.01890056040265448,0,1.4377609983176574,-0.12361493570994192,1.0880715631957898,-1.0456340343108457,0.0,4,0.0,0.0,13
6XW18JMK,-0.01890056040265448,0,1.966771626699893,-0.12361493570994192,1.0967960719692111,-1.0456340343108457,0.0,8,0.0,0.0,13
6XW18JMK,-0.01890056040265448,0,2.1002095886967163,-0.12361493570994192,1.0989771991625665,-1.0456340343108457,0.0,9,0.0,0.0,13
6XW18JMK,-0.01890056040265448,0,2.2287070932190214,-0.12361493570994192,1.101158326355922,-1.0456340343108457,0.0,10,0.0,0.0,13
6XW18JMK,-0.01890056040265448,0,-0.7134041255974333,-0.12361493570994192,1.1033394535492773,-1.0456340343108457,0.0,11,0.0,0.0,13
6XW18JMK,-0.01890056040265448,0,-0.45003677608125525,-0.12361493570994192,1.1077017079359879,-1.0456340343108457,0.0,13,0.0,0.0,13
6XW19JWQ,-0.01890056040265448,0,1.0894439309178765,-0.12361493570994192,1.0794379347220917,-0.5214907436466573,0.0,0,0.0,0.0,13
6XW19JWQ,-0.01890056040265448,0,1.2087603631671897,-0.12361493570994192,1.0816190619154469,-0.5214907436466573,0.0,1,0.0,0.0,13
6XW19JWQ,-0.01890056040265448,0,1.3245589353345089,-0.12361493570994192,1.0838001891088023,-0.5214907436466573,0.0,2,0.0,0.0,13
6XW19JWQ,-0.01890056040265448,0,1.5628163871200875,-0.12361493570994192,1.088162443495513,-0.6962051738680535,0.0,4,0.0,0.0,13
6XW19JWQ,-0.01890056040265448,0,1.6817515811348145,-0.12361493570994192,1.0903435706888684,-0.5214907436466573,0.0,5,0.0,0.0,13
6XW19JWQ,-0.01890056040265448,0,1.8023751320797199,-0.12361493570994192,1.0925246978822236,-0.5214907436466573,0.0,6,0.0,0.0,13
6XW19JWQ,-0.01890056040265448,0,1.9220507712715809,-0.12361493570994192,1.094705825075579,-0.6962051738680535,0.0,7,0.0,0.0,13
6XW19JWQ,-0.01890056040265448,0,2.1573757964344744,-0.12361493570994192,1.0990680794622898,-0.6962051738680535,0.0,9,0.0,0.0,13
6XW19JWQ,-0.01890056040265448,0,-0.5611788314750432,-0.12361493570994192,1.1056114610423557,-0.6962051738680535,0.0,12,0.0,0.0,13
6XW19JWQ,-0.01890056040265448,0,-0.44310010236554,-0.12361493570994192,1.1077925882357111,-0.5214907436466573,0.0,13,0.0,0.0,13
6XW19Q56,-0.01890056040265448,0,0.636057316677388,-0.12361493570994192,1.0794379347220917,-1.395062894753638,0.0,0,0.0,0.0,13
6XW19Q56,-0.01890056040265448,0,0.8820780371311362,-0.12361493570994192,1.0838001891088023,-1.395062894753638,0.0,2,0.0,0.0,13
6XW19Q56,-0.01890056040265448,0,1.0070436902540592,-0.12361493570994192,1.0858904360024346,-1.395062894753638,0.0,3,0.0,0.0,13
6XW19Q56,-0.01890056040265448,0,1.254207861187047,-0.12361493570994192,1.0902526903891452,-1.395062894753638,0.0,5,0.0,0.0,13
6XW19Q56,-0.01890056040265448,0,1.3829556869858237,-0.12361493570994192,1.0925246978822236,-1.395062894753638,0.0,6,0.0,0.0,13
6XW19Q56,-0.01890056040265448,0,1.628892245639204,-0.12361493570994192,1.0968869522689344,-1.395062894753638,0.0,8,0.0,0.0,13
6XW19Q56,-0.01890056040265448,0,1.7549066310423576,-0.12361493570994192,1.0990680794622898,-1.395062894753638,0.0,9,0.0,0.0,13
6XW19Q56,-0.01890056040265448,0,2.002423881425476,-0.12361493570994192,1.1033394535492773,-1.395062894753638,0.0,11,0.0,0.0,13
6XW19Q56,-0.01890056040265448,0,2.1262784830280395,-0.12361493570994192,1.1055205807426327,-1.395062894753638,0.0,12,0.0,0.0,13
6XW19Q56,-0.01890056040265448,0,-0.8240255957781518,-0.12361493570994192,1.1077925882357111,-1.220348464532242,0.0,13,0.0,0.0,13
6XW1A04B,-0.01890056040265448,0,0.6689886627988215,-0.12361493570994192,1.0794379347220917,-1.395062894753638,0.0,0,0.0,0.0,13
6XW1A04B,-0.01890056040265448,0,0.7892273141122346,-0.12361493570994192,1.0816190619154469,-1.395062894753638,0.0,1,0.0,0.0,13
6XW1A04B,-0.01890056040265448,0,0.9072016871188447,-0.12361493570994192,1.0838001891088023,-1.395062894753638,0.0,2,0.0,0.0,13
6XW1A04B,-0.01890056040265448,0,1.1473084588951652,-0.12361493570994192,1.088162443495513,-1.395062894753638,0.0,4,0.0,0.0,13
6XW1A04B,-0.01890056040265448,0,1.2667241389066701,-0.12361493570994192,1.0903435706888684,-1.395062894753638,0.0,5,0.0,0.0,13
6XW1A04B,-0.01890056040265448,0,1.3872351679528332,-0.12361493570994192,1.0925246978822236,-1.395062894753638,0.0,6,0.0,0.0,13
6XW1A04B,-0.01890056040265448,0,1.5082676377962223,-0.12361493570994192,1.094705825075579,-1.395062894753638,0.0,7,0.0,0.0,13
6XW1A04B,-0.01890056040265448,0,1.7456075007378435,-0.12361493570994192,1.0990680794622898,-1.395062894753638,0.0,9,0.0,0.0,13
6XW1A04B,-0.01890056040265448,0,1.9834273967199247,-0.12361493570994192,1.1034303338490004,-1.395062894753638,0.0,11,0.0,0.0,13
6XW1A04B,-0.01890056040265448,0,2.22216312004917,-0.12361493570994192,1.1077925882357111,-1.395062894753638,0.0,13,0.0,0.0,13
6XW1A07K,-0.01890056040265448,0,0.7905799926641781,-0.12361493570994192,1.0792561741226454,-0.6962051738680535,0.0,0,0.0,0.0,13
6XW1A07K,-0.01890056040265448,0,0.9119792061399673,-0.12361493570994192,1.0814373013160008,-0.6962051738680535,0.0,1,0.0,0.0,13
6XW1A07K,-0.01890056040265448,0,1.0313507103283162,-0.12361493570994192,1.083618428509356,-0.6962051738680535,0.0,2,0.0,0.0,13
6XW1A07K,-0.01890056040265448,0,1.2711522398745685,-0.12361493570994192,1.0879806828960668,-0.6962051738680535,0.0,4,0.0,0.0,13
6XW1A07K,-0.01890056040265448,0,1.5106184307598245,-0.12361493570994192,1.0923429372827773,-0.6962051738680535,0.0,6,0.0,0.0,13
6XW1A07K,-0.01890056040265448,0,1.7506778434366401,-0.12361493570994192,1.096705191669488,-0.6962051738680535,0.0,8,0.0,0.0,13
6XW1A07K,-0.01890056040265448,0,1.8706000418511068,-0.12361493570994192,1.0988863188628435,-0.8709196040894496,0.0,9,0.0,0.0,13
6XW1A07K,-0.01890056040265448,0,2.1107508510472637,-0.12361493570994192,1.103248573249554,-0.8709196040894496,0.0,11,0.0,0.0,13
6XW1A07K,-0.01890056040265448,0,2.2276542969140456,-0.12361493570994192,1.1054297004429094,-0.8709196040894496,0.0,12,0.0,0.0,13
6XW1A07K,-0.01890056040265448,0,-0.7235143119362595,-0.12361493570994192,1.1076108276362648,-0.6962051738680535,0.0,13,0.0,0.0,13
6XW1A5LG,-0.01890056040265448,0,-0.29020403026419744,-0.12361493570994192,1.0794379347220917,-0.6962051738680535,0.0,0,0.0,0.0,13
6XW1A5LG,-0.01890056040265448,0,-0.1688646321866665,-0.12361493570994192,1.0816190619154469,-0.6962051738680535,0.0,1,0.0,0.0,13
6XW1A5LG,-0.01890056040265448,0,0.06528307143007309,-0.12361493570994192,1.0859813163021577,-0.6962051738680535,0.0,3,0.0,0.0,13
6XW1A5LG,-0.01890056040265448,0,0.5431280183193776,-0.12361493570994192,1.094705825075579,-0.6962051738680535,0.0,7,0.0,0.0,13
6XW1A5LG,-0.01890056040265448,0,0.6626607120464488,-0.12361493570994192,1.0968869522689344,-0.6962051738680535,0.0,8,0.0,0.0,13
6XW1A5LG,-0.01890056040265448,0,0.7810478037517684,-0.12361493570994192,1.0990680794622898,-0.6962051738680535,0.0,9,0.0,0.0,13
6XW1A5LG,-0.01890056040265448,0,0.9005063887923144,-0.12361493570994192,1.101249206655645,-0.6962051738680535,0.0,10,0.0,0.0,13
6XW1A5LG,-0.01890056040265448,0,1.0177626373025879,-0.12361493570994192,1.1034303338490004,-0.6962051738680535,0.0,11,0.0,0.0,13
6XW1A5LG,-0.01890056040265448,0,1.1357060708762328,-0.12361493570994192,1.1056114610423557,-0.6962051738680535,0.0,12,0.0,0.0,13
6XW1A5LG,-0.01890056040265448,0,1.256614770405641,-0.12361493570994192,1.1077925882357111,-0.6962051738680535,0.0,13,0.0,0.0,13
6XW1A5P5,-0.01890056040265448,0,0.36484982174012515,-0.12361493570994192,1.0793470544223684,-0.8709196040894496,0.0,0,0.0,0.0,12
6XW1A5P5,-0.01890056040265448,0,0.6042660364449264,-0.12361493570994192,1.083618428509356,-0.8709196040894496,0.0,2,0.0,0.0,12
6XW1A5P5,-0.01890056040265448,0,0.7237511823406938,-0.12361493570994192,1.0857995557027114,-0.8709196040894496,0.0,3,0.0,0.0,12
6XW1A5P5,-0.01890056040265448,0,0.843656533296543,-0.12361493570994192,1.0880715631957898,-0.8709196040894496,0.0,4,0.0,0.0,12
6XW1A5P5,-0.01890056040265448,0,0.9630562969263071,-0.12361493570994192,1.0901618100894221,-0.8709196040894496,0.0,5,0.0,0.0,12
6XW1A5P5,-0.01890056040265448,0,1.2053612279690755,-0.12361493570994192,1.0945240644761327,-0.8709196040894496,0.0,7,0.0,0.0,12
6XW1A5P5,-0.01890056040265448,0,1.3230533462787724,-0.12361493570994192,1.0967960719692111,-0.8709196040894496,0.0,8,0.0,0.0,12
6XW1A5P5,-0.01890056040265448,0,1.4426265166857335,-0.12361493570994192,1.0988863188628435,-0.8709196040894496,0.0,9,0.0,0.0,12
6XW1A5P5,-0.01890056040265448,0,1.563314249024521,-0.12361493570994192,1.1010674460561989,-0.8709196040894496,0.0,10,0.0,0.0,12
6XW1A5P5,-0.01890056040265448,0,1.8000825943315018,-0.12361493570994192,1.1054297004429094,-0.8709196040894496,0.0,12,0.0,0.0,12
6XW1A5T6,-0.01890056040265448,0,-0.6548348604994384,-0.12361493570994192,1.0794379347220917,-1.0456340343108457,0.0,0,0.0,0.0,13
6XW1A5T6,-0.01890056040265448,0,-0.5215887884140235,-0.12361493570994192,1.0816190619154469,-1.0456340343108457,0.0,1,0.0,0.0,13
6XW1A5T6,-0.01890056040265448,0,-0.2575686785146662,-0.12361493570994192,1.0859813163021577,-1.220348464532242,0.0,3,0.0,0.0,13
6XW1A5T6,-0.01890056040265448,0,-0.12423466999289742,-0.12361493570994192,1.088162443495513,-1.220348464532242,0.0,4,0.0,0.0,13
6XW1A5T6,-0.01890056040265448,0,0.006606229206477071,-0.12361493570994192,1.0903435706888684,-1.220348464532242,0.0,5,0.0,0.0,13
6XW1A5T6,-0.01890056040265448,0,0.2698044624483623,-0.12361493570994192,1.094705825075579,-1.220348464532242,0.0,7,0.0,0.0,13
6XW1A5T6,-0.01890056040265448,0,0.5359626771556304,-0.12361493570994192,1.0990680794622898,-1.220348464532242,0.0,9,0.0,0.0,13
6XW1A5T6,-0.01890056040265448,0,0.7947956193724245,-0.12361493570994192,1.1034303338490004,-1.220348464532242,0.0,11,0.0,0.0,13
6XW1A5T6,-0.01890056040265448,0,0.9279148259423498,-0.12361493570994192,1.1056114610423557,-1.220348464532242,0.0,12,0.0,0.0,13
6XW1A5T6,-0.01890056040265448,0,1.0592579782060216,-0.12361493570994192,1.1077925882357111,-1.220348464532242,0.0,13,0.0,0.0,13
6XW1A5YE,-0.01890056040265448,0,1.1492714709218053,-0.12361493570994192,1.0794379347220917,-0.8709196040894496,0.0,0,0.0,0.0,13
6XW1A5YE,-0.01890056040265448,0,1.2672255615510506,-0.12361493570994192,1.0816190619154469,-0.8709196040894496,0.0,1,0.0,0.0,13
6XW1A5YE,-0.01890056040265448,0,1.383791517214324,-0.12361493570994192,1.0838001891088023,-0.8709196040894496,0.0,2,0.0,0.0,13
6XW1A5YE,-0.01890056040265448,0,1.7351929151709862,-0.12361493570994192,1.0903435706888684,-0.8709196040894496,0.0,5,0.0,0.0,13
6XW1A5YE,-0.01890056040265448,0,1.8549736402286976,-0.12361493570994192,1.0925246978822236,-0.8709196040894496,0.0,6,0.0,0.0,13
6XW1A5YE,-0.01890056040265448,0,1.9745980450281087,-0.12361493570994192,1.094705825075579,-0.8709196040894496,0.0,7,0.0,0.0,13
6XW1A5YE,-0.01890056040265448,0,-0.7446033415933705,-0.12361493570994192,1.101249206655645,-0.8709196040894496,0.0,10,0.0,0.0,13
6XW1A5YE,-0.01890056040265448,0,-0.6283848285904887,-0.12361493570994192,1.1034303338490004,-0.8709196040894496,0.0,11,0.0,0.0,13
6XW1A5YE,-0.01890056040265448,0,-0.510166286964064,-0.12361493570994192,1.1056114610423557,-0.8709196040894496,0.0,12,0.0,0.0,13
6XW1A5YE,-0.01890056040265448,0,-0.3918469499746931,-0.12361493570994192,1.1077925882357111,-0.8709196040894496,0.0,13,0.0,0.0,13
6XW1A69X,-0.01890056040265448,0,0.5946550708794888,-0.12361493570994192,1.0794379347220917,-0.6962051738680535,0.0,0,0.0,0.0,12
6XW1A69X,-0.01890056040265448,0,0.7196152130338721,-0.12361493570994192,1.0816190619154469,-0.6962051738680535,0.0,1,0.0,0.0,12
6XW1A69X,-0.01890056040265448,0,0.8442521834372541,-0.12361493570994192,1.0838001891088023,-0.6962051738680535,0.0,2,0.0,0.0,12
6XW1A69X,-0.01890056040265448,0,1.0964171179456965,-0.12361493570994192,1.088162443495513,-0.6962051738680535,0.0,4,0.0,0.0,12
6XW1A69X,-0.01890056040265448,0,1.2245640846061014,-0.12361493570994192,1.0903435706888684,-0.6962051738680535,0.0,5,0.0,0.0,12
6XW1A69X,-0.01890056040265448,0,1.349775491695953,-0.12361493570994192,1.0925246978822236,-0.6962051738680535,0.0,6,0.0,0.0,12
6XW1A69X,-0.01890056040265448,0,1.4749796389025913,-0.12361493570994192,1.094705825075579,-0.6962051738680535,0.0,7,0.0,0.0,12
6XW1A69X,-0.01890056040265448,0,1.5988679983329894,-0.12361493570994192,1.0968869522689344,-0.6962051738680535,0.0,8,0.0,0.0,12
6XW1A69X,-0.01890056040265448,0,1.974055415940881,-0.12361493570994192,1.1034303338490004,-0.6962051738680535,0.0,11,0.0,0.0,12
6XW1A69X,-0.01890056040265448,0,2.1017211542594305,-0.12361493570994192,1.1056114610423557,-0.6962051738680535,0.0,12,0.0,0.0,12
6XW1A74Z,-0.01890056040265448,0,1.9839184516974637,-0.12361493570994192,1.0794379347220917,-0.8709196040894496,0.0,0,0.0,0.0,12
6XW1A74Z,-0.01890056040265448,0,2.1112864970579173,-0.12361493570994192,1.0816190619154469,-0.8709196040894496,0.0,1,0.0,0.0,12
6XW1A74Z,-0.01890056040265448,0,2.236615131759374,-0.12361493570994192,1.0838001891088023,-0.8709196040894496,0.0,2,0.0,0.0,12
6XW1A74Z,-0.01890056040265448,0,-0.5837133579829935,-0.12361493570994192,1.088162443495513,-0.8709196040894496,0.0,4,0.0,0.0,12
6XW1A74Z,-0.01890056040265448,0,-0.4601247549783638,-0.12361493570994192,1.0903435706888684,-0.8709196040894496,0.0,5,0.0,0.0,12
6XW1A74Z,-0.01890056040265448,0,-0.3341074631055009,-0.12361493570994192,1.0925246978822236,-0.8709196040894496,0.0,6,0.0,0.0,12
6XW1A74Z,-0.01890056040265448,0,-0.2099460590899954,-0.12361493570994192,1.094705825075579,-1.0456340343108457,0.0,7,0.0,0.0,12
6XW1A74Z,-0.01890056040265448,0,-0.08475034190372566,-0.12361493570994192,1.0968869522689344,-1.0456340343108457,0.0,8,0.0,0.0,12
6XW1A74Z,-0.01890056040265448,0,0.16389284464765722,-0.12361493570994192,1.101249206655645,-0.8709196040894496,0.0,10,0.0,0.0,12
6XW1A74Z,-0.01890056040265448,0,0.4132349553803281,-0.12361493570994192,1.1056114610423557,-1.0456340343108457,0.0,12,0.0,0.0,12
6XW1A7TQ,-0.01890056040265448,0,0.4029683732904819,-0.12361493570994192,1.0793470544223684,-0.8709196040894496,0.0,0,0.0,0.0,13
6XW1A7TQ,-0.01890056040265448,0,0.53030287471914,-0.12361493570994192,1.0815281816157238,-0.8709196040894496,0.0,1,0.0,0.0,13
6XW1A7TQ,-0.01890056040265448,0,0.9123603814639537,-0.12361493570994192,1.0880715631957898,-0.8709196040894496,0.0,4,0.0,0.0,13
6XW1A7TQ,-0.01890056040265448,0,1.040872946783843,-0.12361493570994192,1.0902526903891452,-0.8709196040894496,0.0,5,0.0,0.0,13
6XW1A7TQ,-0.01890056040265448,0,1.1685693225644789,-0.12361493570994192,1.0924338175825006,-0.8709196040894496,0.0,6,0.0,0.0,13
6XW1A7TQ,-0.01890056040265448,0,1.2956840269396719,-0.12361493570994192,1.094614944775856,-0.8709196040894496,0.0,7,0.0,0.0,13
6XW1A7TQ,-0.01890056040265448,0,1.5500484292550376,-0.12361493570994192,1.0989771991625665,-0.8709196040894496,0.0,9,0.0,0.0,13
6XW1A7TQ,-0.01890056040265448,0,1.6774570393702208,-0.12361493570994192,1.101158326355922,-0.8709196040894496,0.0,10,0.0,0.0,13
6XW1A7TQ,-0.01890056040265448,0,1.806247002688721,-0.12361493570994192,1.1033394535492773,-0.8709196040894496,0.0,11,0.0,0.0,13
6XW1A7TQ,-0.01890056040265448,0,2.0626626680200797,-0.12361493570994192,1.1077017079359879,-0.6962051738680535,0.0,13,0.0,0.0,13
6XW1AA3W,-0.01890056040265448,0,-0.6258003604951132,-0.12361493570994192,1.0794379347220917,-0.6962051738680535,0.0,0,0.0,0.0,12
6XW1AA3W,-0.01890056040265448,0,-0.49848030334016163,-0.12361493570994192,1.0816190619154469,-0.6962051738680535,0.0,1,0.0,0.0,12
6XW1AA3W,-0.01890056040265448,0,-0.37188183076453407,-0.12361493570994192,1.0838001891088023,-0.6962051738680535,0.0,2,0.0,0.0,12
6XW1AA3W,-0.01890056040265448,0,-0.2420064582861389,-0.12361493570994192,1.0859813163021577,-0.6962051738680535,0.0,3,0.0,0.0,12
6XW1AA3W,-0.01890056040265448,0,0.015248145057348391,-0.12361493570994192,1.0903435706888684,-0.6962051738680535,0.0,5,0.0,0.0,12
6XW1AA3W,-0.01890056040265448,0,0.14196098910335184,-0.12361493570994192,1.0925246978822236,-0.6962051738680535,0.0,6,0.0,0.0,12
6XW1AA3W,-0.01890056040265448,0,0.267951518807074,-0.12361493570994192,1.094705825075579,-0.6962051738680535,0.0,7,0.0,0.0,12
6XW1AA3W,-0.01890056040265448,0,0.5223422932458619,-0.12361493570994192,1.0990680794622898,-0.8709196040894496,0.0,9,0.0,0.0,12
6XW1AA3W,-0.01890056040265448,0,0.6496638854194478,-0.12361493570994192,1.101249206655645,-0.6962051738680535,0.0,10,0.0,0.0,12
6XW1AA3W,-0.01890056040265448,0,0.9044105828674757,-0.12361493570994192,1.1056114610423557,-0.8709196040894496,0.0,12,0.0,0.0,12
6YD1603C,-0.01890056040265448,0,-0.29520549843836946,-0.12361493570994192,-1.2411905187082706,-0.8709196040894496,0.0,0,0.0,0.0,13
6YD1603C,-0.01890056040265448,0,-0.16550085274562112,-0.12361493570994192,-1.2390093915149152,-0.8709196040894496,0.0,1,0.0,0.0,13
6YD1603C,-0.01890056040265448,0,-0.03505356000474695,-0.12361493570994192,-1.2368282643215598,-0.8709196040894496,0.0,2,0.0,0.0,13
6YD1603C,-0.01890056040265448,0,0.34924343827056165,-0.12361493570994192,-1.2302848827414938,-0.8709196040894496,0.0,5,0.0,0.0,13
6YD1603C,-0.01890056040265448,0,0.6049235906158078,-0.12361493570994192,-1.2259226283547833,-0.8709196040894496,0.0,7,0.0,0.0,13
6YD1603C,-0.01890056040265448,0,0.7307991449073964,-0.12361493570994192,-1.2237415011614279,-0.8709196040894496,0.0,8,0.0,0.0,13
6YD1603C,-0.01890056040265448,0,0.8596125738796098,-0.12361493570994192,-1.2215603739680725,-0.8709196040894496,0.0,9,0.0,0.0,13
6YD1603C,-0.01890056040265448,0,0.9860980086895765,-0.12361493570994192,-1.219379246774717,-0.8709196040894496,0.0,10,0.0,0.0,13
6YD1603C,-0.01890056040265448,0,1.1131970483254279,-0.12361493570994192,-1.2171981195813617,-0.8709196040894496,0.0,11,0.0,0.0,13
6YD1603C,-0.01890056040265448,0,1.3671107716861848,-0.12361493570994192,-1.2128358651946511,-0.8709196040894496,0.0,13,0.0,0.0,13
9XW09XM9,-0.01890056040265448,0,1.3859032498988126,-0.12361493570994192,1.019547817204543,-0.5214907436466573,0.0,0,0.0,0.0,13
9XW09XM9,-0.01890056040265448,0,1.5137972152911958,-0.12361493570994192,1.021728944397898,-0.5214907436466573,0.0,1,0.0,0.0,13
9XW09XM9,-0.01890056040265448,0,1.6397683936944298,-0.12361493570994192,1.0239100715912535,-0.5214907436466573,0.0,2,0.0,0.0,13
9XW09XM9,-0.01890056040265448,0,1.7672437519559652,-0.12361493570994192,1.0260911987846089,-0.5214907436466573,0.0,3,0.0,0.0,13
9XW09XM9,-0.01890056040265448,0,1.8956688212136987,-0.12361493570994192,1.0282723259779643,-0.5214907436466573,0.0,4,0.0,0.0,13
9XW09XM9,-0.01890056040265448,0,2.0197558397360402,-0.12361493570994192,1.0304534531713196,-0.5214907436466573,0.0,5,0.0,0.0,13
9XW09XM9,-0.01890056040265448,0,2.146633056597114,-0.12361493570994192,1.032725460664398,-0.5214907436466573,0.0,6,0.0,0.0,13
9XW09XM9,-0.01890056040265448,0,-0.5495332616204309,-0.12361493570994192,1.039268842244464,-0.5214907436466573,0.0,9,0.0,0.0,13
9XW09XM9,-0.01890056040265448,0,-0.17440339462920593,-0.12361493570994192,1.04581222382453,-0.5214907436466573,0.0,12,0.0,0.0,13
9XW09XM9,-0.01890056040265448,0,-0.04918115433407455,-0.12361493570994192,1.0479933510178854,-0.5214907436466573,0.0,13,0.0,0.0,13
MJ0351YNG9S2AA,1.417542030199086,0,-0.8247168700305083,-0.12361493570994192,-1.0195334676835337,1.0509391283459082,0.0,0,0.0,0.0,4
MJ0351YNG9S2AA,1.417542030199086,0,-0.8247168700305083,-0.12361493570994192,-1.0173523404901785,1.2256535585673043,0.0,1,0.0,0.0,4
MJ0351YNG9S2AA,1.417542030199086,0,-0.8247168700305083,-0.12361493570994192,-1.0151712132968231,1.4003679887887004,0.0,2,0.0,0.0,4
MJ0351YNG9S2AA,1.417542030199086,0,-0.8247168700305083,-0.12361493570994192,-1.0129900861034677,1.4003679887887004,0.0,3,0.0,0.0,4
MJ0351YNG9S2AA,1.417542030199086,0,-0.8247168700305083,-0.12361493570994192,-1.0108089589101124,1.4003679887887004,0.0,4,0.0,0.0,4
MJ0351YNG9SP5A,1.417542030199086,0,-0.8247168700305083,-0.12361493570994192,-1.0188973055854718,0.0026525470175312025,0.0,0,0.0,0.0,4
MJ0351YNG9SP5A,1.417542030199086,0,-0.8247168700305083,-0.12361493570994192,-1.0167161783921166,0.0026525470175312025,0.0,1,0.0,0.0,4
MJ0351YNG9SP5A,1.417542030199086,0,-0.8247168700305083,-0.12361493570994192,-1.0145350511987612,0.876224698124512,0.0,2,0.0,0.0,4
MJ0351YNG9SP5A,1.417542030199086,0,-0.8247168700305083,-0.12361493570994192,-1.0123539240054058,0.876224698124512,0.0,3,0.0,0.0,4
MJ0351YNG9SP5A,1.417542030199086,0,-0.8247168700305083,-0.12361493570994192,-1.0101727968120504,0.876224698124512,0.0,4,0.0,0.0,4
MJ0351YNG9TW4A,1.417542030199086,0,-0.8247168700305083,-0.12361493570994192,-1.0188064252857487,0.876224698124512,0.0,0,0.0,0.0,4
MJ0351YNG9TW4A,1.417542030199086,0,-0.8247168700305083,-0.12361493570994192,-1.0166252980923933,0.876224698124512,0.0,1,0.0,0.0,4
MJ0351YNG9TW4A,1.417542030199086,0,-0.8247168700305083,-0.12361493570994192,-1.014444170899038,1.0509391283459082,0.0,2,0.0,0.0,4
MJ0351YNG9TW4A,1.417542030199086,0,-0.8247168700305083,-0.12361493570994192,-1.0122630437056825,1.0509391283459082,0.0,3,0.0,0.0,4
MJ0351YNG9TW4A,1.417542030199086,0,-0.8247168700305083,-0.12361493570994192,-1.0100819165123274,1.0509391283459082,0.0,4,0.0,0.0,4
MJ0351YNG9V4LA,1.417542030199086,0,-0.8247168700305083,-0.12361493570994192,-1.0188064252857487,0.5267958376817197,0.0,0,0.0,0.0,4
MJ0351YNG9V4LA,1.417542030199086,0,-0.8247168700305083,-0.12361493570994192,-1.0166252980923933,0.5267958376817197,0.0,1,0.0,0.0,4
MJ0351YNG9V4LA,1.417542030199086,0,-0.8247168700305083,-0.12361493570994192,-1.014444170899038,1.4003679887887004,0.0,2,0.0,0.0,4
MJ0351YNG9V4LA,1.417542030199086,0,-0.8247168700305083,-0.12361493570994192,-1.0122630437056825,1.4003679887887004,0.0,3,0.0,0.0,4
MJ0351YNG9V4LA,1.417542030199086,0,-0.8247168700305083,-0.12361493570994192,-1.0100819165123274,1.4003679887887004,0.0,4,0.0,0.0,4
MJ0351YNG9VP6A,1.417542030199086,0,-0.8247168700305083,-0.12361493570994192,-1.0188973055854718,0.3520814074603235,0.0,0,0.0,0.0,4
MJ0351YNG9VP6A,1.417542030199086,0,-0.8247168700305083,-0.12361493570994192,-1.0167161783921166,0.5267958376817197,0.0,1,0.0,0.0,4
MJ0351YNG9VP6A,1.417542030199086,0,-0.8247168700305083,-0.12361493570994192,-1.0145350511987612,1.2256535585673043,0.0,2,0.0,0.0,4
MJ0351YNG9VP6A,1.417542030199086,0,-0.8247168700305083,-0.12361493570994192,-1.0123539240054058,1.2256535585673043,0.0,3,0.0,0.0,4
MJ0351YNG9VP6A,1.417542030199086,0,-0.8247168700305083,-0.12361493570994192,-1.0101727968120504,1.2256535585673043,0.0,4,0.0,0.0,4
MJ0351YNG9WA1A,1.417542030199086,0,-0.8247168700305083,-0.12361493570994192,-1.0195334676835337,0.7015102679031159,0.0,0,0.0,0.0,4
MJ0351YNG9WA1A,1.417542030199086,0,-0.8247168700305083,-0.12361493570994192,-1.0173523404901785,0.7015102679031159,0.0,1,0.0,0.0,4
MJ0351YNG9WA1A,1.417542030199086,0,-0.8247168700305083,-0.12361493570994192,-1.0151712132968231,1.2256535585673043,0.0,2,0.0,0.0,4
MJ0351YNG9WA1A,1.417542030199086,0,-0.8247168700305083,-0.12361493570994192,-1.0129900861034677,1.2256535585673043,0.0,3,0.0,0.0,4
MJ0351YNG9WA1A,1.417542030199086,0,-0.8247168700305083,-0.12361493570994192,-1.0108089589101124,1.2256535585673043,0.0,4,0.0,0.0,4
MJ0351YNG9Y1RA,1.417542030199086,0,-0.8247168700305083,-0.12361493570994192,-1.0184429040868561,0.7015102679031159,0.0,0,0.0,0.0,4
MJ0351YNG9Y1RA,1.417542030199086,0,-0.8247168700305083,-0.12361493570994192,-1.0162617768935007,0.7015102679031159,0.0,1,0.0,0.0,4
MJ0351YNG9Y1RA,1.417542030199086,0,-0.8247168700305083,-0.12361493570994192,-1.0140806497001453,1.4003679887887004,0.0,2,0.0,0.0,4
MJ0351YNG9Y1RA,1.417542030199086,0,-0.8247168700305083,-0.12361493570994192,-1.0118995225067902,1.4003679887887004,0.0,3,0.0,0.0,4
MJ0351YNG9Y1RA,1.417542030199086,0,-0.8247168700305083,-0.12361493570994192,-1.0097183953134348,1.4003679887887004,0.0,4,0.0,0.0,4
MJ0351YNGA0MYA,1.417542030199086,0,-0.8247168700305083,-0.12361493570994192,-1.0195334676835337,1.2256535585673043,0.0,0,0.0,0.0,4
MJ0351YNGA0MYA,1.417542030199086,0,-0.8247168700305083,-0.12361493570994192,-1.0173523404901785,1.2256535585673043,0.0,1,0.0,0.0,4
MJ0351YNGA0MYA,1.417542030199086,0,-0.8247168700305083,-0.12361493570994192,-1.0151712132968231,1.4003679887887004,0.0,2,0.0,0.0,4
MJ0351YNGA0MYA,1.417542030199086,0,-0.8247168700305083,-0.12361493570994192,-1.0129900861034677,1.4003679887887004,0.0,3,0.0,0.0,4
MJ0351YNGA0MYA,1.417542030199086,0,-0.8247168700305083,-0.12361493570994192,-1.0108089589101124,1.4003679887887004,0.0,4,0.0,0.0,4
MJ0351YNGA0NRA,1.417542030199086,0,-0.8247168700305083,-0.12361493570994192,-1.0195334676835337,0.876224698124512,0.0,0,0.0,0.0,4
MJ0351YNGA0NRA,1.417542030199086,0,-0.8247168700305083,-0.12361493570994192,-1.0174432207899016,1.0509391283459082,0.0,1,0.0,0.0,4
MJ0351YNGA0NRA,1.417542030199086,0,-0.8247168700305083,-0.12361493570994192,-1.0152620935965462,1.4003679887887004,0.0,2,0.0,0.0,4
MJ0351YNGA0NRA,1.417542030199086,0,-0.8247168700305083,-0.12361493570994192,-1.0129900861034677,1.4003679887887004,0.0,3,0.0,0.0,4
MJ0351YNGA0NRA,1.417542030199086,0,-0.8247168700305083,-0.12361493570994192,-1.0108089589101124,1.4003679887887004,0.0,4,0.0,0.0,4
MJ0351YNGA0NYA,1.417542030199086,0,-0.8247168700305083,-0.12361493570994192,-1.0195334676835337,1.0509391283459082,0.0,0,0.0,0.0,4
MJ0351YNGA0NYA,1.417542030199086,0,-0.8247168700305083,-0.12361493570994192,-1.0173523404901785,1.2256535585673043,0.0,1,0.0,0.0,4
MJ0351YNGA0NYA,1.417542030199086,0,-0.8247168700305083,-0.12361493570994192,-1.0151712132968231,1.2256535585673043,0.0,2,0.0,0.0,4
MJ0351YNGA0NYA,1.417542030199086,0,-0.8247168700305083,-0.12361493570994192,-1.0129900861034677,1.4003679887887004,0.0,3,0.0,0.0,4
MJ0351YNGA0NYA,1.417542030199086,0,-0.8247168700305083,-0.12361493570994192,-1.0108089589101124,1.4003679887887004,0.0,4,0.0,0.0,4
MJ0351YNGA0PBA,1.417542030199086,0,-0.8247168700305083,-0.12361493570994192,-1.019624347983257,1.0509391283459082,0.0,0,0.0,0.0,4
MJ0351YNGA0PBA,1.417542030199086,0,-0.8247168700305083,-0.12361493570994192,-1.0174432207899016,1.0509391283459082,0.0,1,0.0,0.0,4
MJ0351YNGA0PBA,1.417542030199086,0,-0.8247168700305083,-0.12361493570994192,-1.0152620935965462,1.4003679887887004,0.0,2,0.0,0.0,4
MJ0351YNGA0PBA,1.417542030199086,0,-0.8247168700305083,-0.12361493570994192,-1.013080966403191,1.4003679887887004,0.0,3,0.0,0.0,4
MJ0351YNGA0PBA,1.417542030199086,0,-0.8247168700305083,-0.12361493570994192,-1.0108998392098356,1.4003679887887004,0.0,4,0.0,0.0,4
MJ0351YNGA0PEA,1.417542030199086,0,-0.8247168700305083,-0.12361493570994192,-1.0195334676835337,1.0509391283459082,0.0,0,0.0,0.0,4
MJ0351YNGA0PEA,1.417542030199086,0,-0.8247168700305083,-0.12361493570994192,-1.0173523404901785,1.0509391283459082,0.0,1,0.0,0.0,4
MJ0351YNGA0PEA,1.417542030199086,0,-0.8247168700305083,-0.12361493570994192,-1.0151712132968231,1.4003679887887004,0.0,2,0.0,0.0,4
MJ0351YNGA0PEA,1.417542030199086,0,-0.8247168700305083,-0.12361493570994192,-1.0129900861034677,1.4003679887887004,0.0,3,0.0,0.0,4
MJ0351YNGA0PEA,1.417542030199086,0,-0.8247168700305083,-0.12361493570994192,-1.0108089589101124,1.4003679887887004,0.0,4,0.0,0.0,4
MJ0351YNGA318A,1.417542030199086,0,-0.8247168700305083,-0.12361493570994192,-1.0188064252857487,0.0026525470175312025,0.0,0,0.0,0.0,4
MJ0351YNGA318A,1.417542030199086,0,-0.8247168700305083,-0.12361493570994192,-1.0167161783921166,0.17736697723892736,0.0,1,0.0,0.0,4
MJ0351YNGA318A,1.417542030199086,0,-0.8247168700305083,-0.12361493570994192,-1.0145350511987612,0.876224698124512,0.0,2,0.0,0.0,4
MJ0351YNGA318A,1.417542030199086,0,-0.8247168700305083,-0.12361493570994192,-1.0123539240054058,1.0509391283459082,0.0,3,0.0,0.0,4
MJ0351YNGA318A,1.417542030199086,0,-0.8247168700305083,-0.12361493570994192,-1.0101727968120504,0.876224698124512,0.0,4,0.0,0.0,4
MJ0351YNGA3HDA,1.417542030199086,0,-0.8247168700305083,-0.12361493570994192,-1.0195334676835337,1.0509391283459082,0.0,0,0.0,0.0,4
MJ0351YNGA3HDA,1.417542030199086,0,-0.8247168700305083,-0.12361493570994192,-1.0173523404901785,1.2256535585673043,0.0,1,0.0,0.0,4
MJ0351YNGA3HDA,1.417542030199086,0,-0.8247168700305083,-0.12361493570994192,-1.0151712132968231,1.4003679887887004,0.0,2,0.0,0.0,4
MJ0351YNGA3HDA,1.417542030199086,0,-0.8247168700305083,-0.12361493570994192,-1.0129900861034677,1.4003679887887004,0.0,3,0.0,0.0,4
MJ0351YNGA3HDA,1.417542030199086,0,-0.8247168700305083,-0.12361493570994192,-1.0108089589101124,1.4003679887887004,0.0,4,0.0,0.0,4
MJ0351YNGA3K0A,1.417542030199086,0,-0.8247168700305083,-0.12361493570994192,-1.0195334676835337,1.2256535585673043,0.0,0,0.0,0.0,4
MJ0351YNGA3K0A,1.417542030199086,0,-0.8247168700305083,-0.12361493570994192,-1.0173523404901785,1.2256535585673043,0.0,1,0.0,0.0,4
MJ0351YNGA3K0A,1.417542030199086,0,-0.8247168700305083,-0.12361493570994192,-1.0151712132968231,1.5750824190100967,0.0,2,0.0,0.0,4
MJ0351YNGA3K0A,1.417542030199086,0,-0.8247168700305083,-0.12361493570994192,-1.0129900861034677,1.4003679887887004,0.0,3,0.0,0.0,4
MJ0351YNGA3K0A,1.417542030199086,0,-0.8247168700305083,-0.12361493570994192,-1.0108089589101124,1.5750824190100967,0.0,4,0.0,0.0,4
MJ0351YNGA3KAA,1.417542030199086,0,-0.8247168700305083,-0.12361493570994192,-1.0188064252857487,0.7015102679031159,0.0,0,0.0,0.0,4
MJ0351YNGA3KAA,1.417542030199086,0,-0.8247168700305083,-0.12361493570994192,-1.0166252980923933,0.876224698124512,0.0,1,0.0,0.0,4
MJ0351YNGA3KAA,1.417542030199086,0,-0.8247168700305083,-0.12361493570994192,-1.014444170899038,1.0509391283459082,0.0,2,0.0,0.0,4
MJ0351YNGA3KAA,1.417542030199086,0,-0.8247168700305083,-0.12361493570994192,-1.0122630437056825,1.0509391283459082,0.0,3,0.0,0.0,4
MJ0351YNGA3KAA,1.417542030199086,0,-0.8247168700305083,-0.12361493570994192,-1.0100819165123274,1.0509391283459082,0.0,4,0.0,0.0,4
MJ0351YNGA3USA,1.417542030199086,0,-0.8247168700305083,-0.12361493570994192,-1.0195334676835337,0.876224698124512,0.0,0,0.0,0.0,4
MJ0351YNGA3USA,1.417542030199086,0,-0.8247168700305083,-0.12361493570994192,-1.0173523404901785,1.0509391283459082,0.0,1,0.0,0.0,4
MJ0351YNGA3USA,1.417542030199086,0,-0.8247168700305083,-0.12361493570994192,-1.0151712132968231,1.4003679887887004,0.0,2,0.0,0.0,4
MJ0351YNGA3USA,1.417542030199086,0,-0.8247168700305083,-0.12361493570994192,-1.0129900861034677,1.4003679887887004,0.0,3,0.0,0.0,4
MJ0351YNGA3USA,1.417542030199086,0,-0.8247168700305083,-0.12361493570994192,-1.0108089589101124,1.5750824190100967,0.0,4,0.0,0.0,4
MJ0351YNGA3Y6A,1.417542030199086,0,-0.8247168700305083,-0.12361493570994192,-1.018352023787133,0.3520814074603235,0.0,0,0.0,0.0,4
MJ0351YNGA3Y6A,1.417542030199086,0,-0.8247168700305083,-0.12361493570994192,-1.0161708965937777,0.5267958376817197,0.0,1,0.0,0.0,4
MJ0351YNGA3Y6A,1.417542030199086,0,-0.8247168700305083,-0.12361493570994192,-1.0139897694004223,1.2256535585673043,0.0,2,0.0,0.0,4
MJ0351YNGA3Y6A,1.417542030199086,0,-0.8247168700305083,-0.12361493570994192,-1.0118995225067902,1.2256535585673043,0.0,3,0.0,0.0,4
MJ0351YNGA3Y6A,1.417542030199086,0,-0.8247168700305083,-0.12361493570994192,-1.0097183953134348,1.2256535585673043,0.0,4,0.0,0.0,4
MJ0351YNGA3ZVA,1.417542030199086,0,-0.8247168700305083,-0.12361493570994192,-1.0184429040868561,0.5267958376817197,0.0,0,0.0,0.0,4
MJ0351YNGA3ZVA,1.417542030199086,0,-0.8247168700305083,-0.12361493570994192,-1.0162617768935007,0.5267958376817197,0.0,1,0.0,0.0,4
MJ0351YNGA3ZVA,1.417542030199086,0,-0.8247168700305083,-0.12361493570994192,-1.0140806497001453,1.4003679887887004,0.0,2,0.0,0.0,4
MJ0351YNGA3ZVA,1.417542030199086,0,-0.8247168700305083,-0.12361493570994192,-1.0118995225067902,1.4003679887887004,0.0,3,0.0,0.0,4
MJ0351YNGA3ZVA,1.417542030199086,0,-0.8247168700305083,-0.12361493570994192,-1.0097183953134348,1.2256535585673043,0.0,4,0.0,0.0,4
MJ0351YNGA3ZWA,1.417542030199086,0,-0.8247168700305083,-0.12361493570994192,-1.0184429040868561,0.3520814074603235,0.0,0,0.0,0.0,4
MJ0351YNGA3ZWA,1.417542030199086,0,-0.8247168700305083,-0.12361493570994192,-1.0162617768935007,0.3520814074603235,0.0,1,0.0,0.0,4
MJ0351YNGA3ZWA,1.417542030199086,0,-0.8247168700305083,-0.12361493570994192,-1.0140806497001453,1.0509391283459082,0.0,2,0.0,0.0,4
MJ0351YNGA3ZWA,1.417542030199086,0,-0.8247168700305083,-0.12361493570994192,-1.0118995225067902,1.0509391283459082,0.0,3,0.0,0.0,4
MJ0351YNGA3ZWA,1.417542030199086,0,-0.8247168700305083,-0.12361493570994192,-1.0097183953134348,1.0509391283459082,0.0,4,0.0,0.0,4
MJ0351YNGA5AXA,1.417542030199086,0,-0.8247168700305083,-0.12361493570994192,-1.0188973055854718,0.3520814074603235,0.0,0,0.0,0.0,4
MJ0351YNGA5AXA,1.417542030199086,0,-0.8247168700305083,-0.12361493570994192,-1.0167161783921166,0.3520814074603235,0.0,1,0.0,0.0,4
MJ0351YNGA5AXA,1.417542030199086,0,-0.8247168700305083,-0.12361493570994192,-1.0145350511987612,1.0509391283459082,0.0,2,0.0,0.0,4
MJ0351YNGA5AXA,1.417542030199086,0,-0.8247168700305083,-0.12361493570994192,-1.0123539240054058,1.0509391283459082,0.0,3,0.0,0.0,4
MJ0351YNGA5AXA,1.417542030199086,0,-0.8247168700305083,-0.12361493570994192,-1.0101727968120504,1.0509391283459082,0.0,4,0.0,0.0,4
MJ0351YNGA6BJA,1.417542030199086,0,-0.8247168700305083,-0.12361493570994192,-1.0195334676835337,1.0509391283459082,0.0,0,0.0,0.0,4
MJ0351YNGA6BJA,1.417542030199086,0,-0.8247168700305083,-0.12361493570994192,-1.0173523404901785,1.0509391283459082,0.0,1,0.0,0.0,4
MJ0351YNGA6BJA,1.417542030199086,0,-0.8247168700305083,-0.12361493570994192,-1.0151712132968231,1.2256535585673043,0.0,2,0.0,0.0,4
MJ0351YNGA6BJA,1.417542030199086,0,-0.8247168700305083,-0.12361493570994192,-1.0129900861034677,1.4003679887887004,0.0,3,0.0,0.0,4
MJ0351YNGA6BJA,1.417542030199086,0,-0.8247168700305083,-0.12361493570994192,-1.0108089589101124,1.2256535585673043,0.0,4,0.0,0.0,4
MJ0351YNGA6BNA,1.417542030199086,0,-0.8247168700305083,-0.12361493570994192,-1.0195334676835337,1.2256535585673043,0.0,0,0.0,0.0,4
MJ0351YNGA6BNA,1.417542030199086,0,-0.8247168700305083,-0.12361493570994192,-1.0174432207899016,1.4003679887887004,0.0,1,0.0,0.0,4
MJ0351YNGA6BNA,1.417542030199086,0,-0.8247168700305083,-0.12361493570994192,-1.0152620935965462,1.4003679887887004,0.0,2,0.0,0.0,4
MJ0351YNGA6BNA,1.417542030199086,0,-0.8247168700305083,-0.12361493570994192,-1.0129900861034677,1.4003679887887004,0.0,3,0.0,0.0,4
MJ0351YNGA6BNA,1.417542030199086,0,-0.8247168700305083,-0.12361493570994192,-1.0108998392098356,1.4003679887887004,0.0,4,0.0,0.0,4
MJ0351YNGA6KSA,1.417542030199086,0,-0.8247168700305083,-0.12361493570994192,-1.0195334676835337,0.7015102679031159,0.0,0,0.0,0.0,4
MJ0351YNGA6KSA,1.417542030199086,0,-0.8247168700305083,-0.12361493570994192,-1.0173523404901785,0.7015102679031159,0.0,1,0.0,0.0,4
MJ0351YNGA6KSA,1.417542030199086,0,-0.8238922882172462,-0.12361493570994192,-1.0151712132968231,1.4003679887887004,0.0,2,0.0,0.0,4
MJ0351YNGA6KSA,1.417542030199086,0,-0.8247168448662684,-0.12361493570994192,-1.0129900861034677,1.4003679887887004,0.0,3,0.0,0.0,4
MJ0351YNGA6KSA,1.417542030199086,0,-0.8247168574483883,-0.12361493570994192,-1.0108089589101124,1.4003679887887004,0.0,4,0.0,0.0,4
MJ0351YNGA6LJA,1.417542030199086,0,-0.8247168700305083,-0.12361493570994192,-1.0195334676835337,0.5267958376817197,0.0,0,0.0,0.0,4
MJ0351YNGA6LJA,1.417542030199086,0,-0.8247168700305083,-0.12361493570994192,-1.0173523404901785,0.7015102679031159,0.0,1,0.0,0.0,4
MJ0351YNGA6LJA,1.417542030199086,0,-0.8247168700305083,-0.12361493570994192,-1.0151712132968231,1.2256535585673043,0.0,2,0.0,0.0,4
MJ0351YNGA6LJA,1.417542030199086,0,-0.8247168700305083,-0.12361493570994192,-1.0129900861034677,1.2256535585673043,0.0,3,0.0,0.0,4
MJ0351YNGA6LJA,1.417542030199086,0,-0.8247168700305083,-0.12361493570994192,-1.0108089589101124,1.2256535585673043,0.0,4,0.0,0.0,4
MJ0351YNGA6SXA,1.417542030199086,0,-0.8247168700305083,-0.12361493570994192,-1.0195334676835337,0.7015102679031159,0.0,0,0.0,0.0,4
MJ0351YNGA6SXA,1.417542030199086,0,-0.8247168700305083,-0.12361493570994192,-1.0173523404901785,0.876224698124512,0.0,1,0.0,0.0,4
MJ0351YNGA6SXA,1.417542030199086,0,-0.8247168700305083,-0.12361493570994192,-1.0151712132968231,1.4003679887887004,0.0,2,0.0,0.0,4
MJ0351YNGA6SXA,1.417542030199086,0,-0.8247168700305083,-0.12361493570994192,-1.0129900861034677,1.4003679887887004,0.0,3,0.0,0.0,4
MJ0351YNGA6SXA,1.417542030199086,0,-0.8247168700305083,-0.12361493570994192,-1.0108089589101124,1.4003679887887004,0.0,4,0.0,0.0,4
MJ0351YNGA6VLA,1.417542030199086,0,-0.8247168700305083,-0.12361493570994192,-1.0195334676835337,0.876224698124512,0.0,0,0.0,0.0,4
MJ0351YNGA6VLA,1.417542030199086,0,-0.8247168700305083,-0.12361493570994192,-1.0173523404901785,0.876224698124512,0.0,1,0.0,0.0,4
MJ0351YNGA6VLA,1.417542030199086,0,-0.8247168700305083,-0.12361493570994192,-1.0151712132968231,1.2256535585673043,0.0,2,0.0,0.0,4
MJ0351YNGA6VLA,1.417542030199086,0,-0.8247168700305083,-0.12361493570994192,-1.0129900861034677,1.2256535585673043,0.0,3,0.0,0.0,4
MJ0351YNGA6VLA,1.417542030199086,0,-0.8247168700305083,-0.12361493570994192,-1.0108089589101124,1.2256535585673043,0.0,4,0.0,0.0,4
MJ0351YNGA6X7A,1.417542030199086,0,-0.8247168700305083,-0.12361493570994192,-1.0194425873838107,0.5267958376817197,0.0,0,0.0,0.0,4
MJ0351YNGA6X7A,1.417542030199086,0,-0.8247168700305083,-0.12361493570994192,-1.0172614601904553,0.5267958376817197,0.0,1,0.0,0.0,4
MJ0351YNGA6X7A,1.417542030199086,0,-0.8247168700305083,-0.12361493570994192,-1.0150803329970999,1.4003679887887004,0.0,2,0.0,0.0,4
MJ0351YNGA6X7A,1.417542030199086,0,-0.8247168700305083,-0.12361493570994192,-1.0128992058037447,1.4003679887887004,0.0,3,0.0,0.0,4
MJ0351YNGA6X7A,1.417542030199086,0,-0.8247168700305083,-0.12361493570994192,-1.0107180786103893,1.4003679887887004,0.0,4,0.0,0.0,4
MJ0351YNGA6Y0A,1.417542030199086,0,-0.8247168700305083,-0.12361493570994192,-1.0195334676835337,0.876224698124512,0.0,0,0.0,0.0,4
MJ0351YNGA6Y0A,1.417542030199086,0,-0.8247168700305083,-0.12361493570994192,-1.0173523404901785,0.876224698124512,0.0,1,0.0,0.0,4
MJ0351YNGA6Y0A,1.417542030199086,0,-0.8247168700305083,-0.12361493570994192,-1.0151712132968231,1.2256535585673043,0.0,2,0.0,0.0,4
MJ0351YNGA6Y0A,1.417542030199086,0,-0.8247168700305083,-0.12361493570994192,-1.0129900861034677,1.4003679887887004,0.0,3,0.0,0.0,4
MJ0351YNGA6Y0A,1.417542030199086,0,-0.8247168700305083,-0.12361493570994192,-1.0108089589101124,1.2256535585673043,0.0,4,0.0,0.0,4
MJ0351YNGA8L0A,1.417542030199086,0,-0.8247168700305083,-0.12361493570994192,-1.0188064252857487,0.876224698124512,0.0,0,0.0,0.0,4
MJ0351YNGA8L0A,1.417542030199086,0,-0.8247168700305083,-0.12361493570994192,-1.0166252980923933,0.876224698124512,0.0,1,0.0,0.0,4
MJ0351YNGA8L0A,1.417542030199086,0,-0.8247168700305083,-0.12361493570994192,-1.014444170899038,1.0509391283459082,0.0,2,0.0,0.0,4
MJ0351YNGA8L0A,1.417542030199086,0,-0.8247168700305083,-0.12361493570994192,-1.0123539240054058,1.0509391283459082,0.0,3,0.0,0.0,4
MJ0351YNGA8L0A,1.417542030199086,0,-0.8247168700305083,-0.12361493570994192,-1.0101727968120504,1.0509391283459082,0.0,4,0.0,0.0,4
MJ0351YNGA8LRA,1.417542030199086,0,-0.8247168700305083,-0.12361493570994192,-1.0188064252857487,0.3520814074603235,0.0,0,0.0,0.0,4
MJ0351YNGA8LRA,1.417542030199086,0,-0.8247168700305083,-0.12361493570994192,-1.0166252980923933,0.5267958376817197,0.0,1,0.0,0.0,4
MJ0351YNGA8LRA,1.417542030199086,0,-0.8247168700305083,-0.12361493570994192,-1.014444170899038,1.2256535585673043,0.0,2,0.0,0.0,4
MJ0351YNGA8LRA,1.417542030199086,0,-0.8247168700305083,-0.12361493570994192,-1.0122630437056825,1.2256535585673043,0.0,3,0.0,0.0,4
MJ0351YNGA8LRA,1.417542030199086,0,-0.8247168700305083,-0.12361493570994192,-1.0100819165123274,1.2256535585673043,0.0,4,0.0,0.0,4
MJ0351YNGA8M0A,1.417542030199086,0,-0.8247168700305083,-0.12361493570994192,-1.0188064252857487,0.5267958376817197,0.0,0,0.0,0.0,4
MJ0351YNGA8M0A,1.417542030199086,0,-0.8247168700305083,-0.12361493570994192,-1.0166252980923933,0.5267958376817197,0.0,1,0.0,0.0,4
MJ0351YNGA8M0A,1.417542030199086,0,-0.8247168700305083,-0.12361493570994192,-1.014444170899038,1.0509391283459082,0.0,2,0.0,0.0,4
MJ0351YNGA8M0A,1.417542030199086,0,-0.8247168700305083,-0.12361493570994192,-1.0122630437056825,1.0509391283459082,0.0,3,0.0,0.0,4
MJ0351YNGA8M0A,1.417542030199086,0,-0.8247168700305083,-0.12361493570994192,-1.0100819165123274,1.0509391283459082,0.0,4,0.0,0.0,4
MJ0351YNGA8M7A,1.417542030199086,0,-0.8247168700305083,-0.12361493570994192,-1.0188064252857487,0.876224698124512,0.0,0,0.0,0.0,4
MJ0351YNGA8M7A,1.417542030199086,0,-0.8247168700305083,-0.12361493570994192,-1.0167161783921166,1.0509391283459082,0.0,1,0.0,0.0,4
MJ0351YNGA8M7A,1.417542030199086,0,-0.8247168700305083,-0.12361493570994192,-1.0145350511987612,1.0509391283459082,0.0,2,0.0,0.0,4
MJ0351YNGA8M7A,1.417542030199086,0,-0.8247168700305083,-0.12361493570994192,-1.0123539240054058,1.0509391283459082,0.0,3,0.0,0.0,4
MJ0351YNGA8M7A,1.417542030199086,0,-0.8247168700305083,-0.12361493570994192,-1.0101727968120504,1.0509391283459082,0.0,4,0.0,0.0,4
MJ0351YNGA8M9A,1.417542030199086,0,-0.8247168700305083,-0.12361493570994192,-1.0188973055854718,0.3520814074603235,0.0,0,0.0,0.0,4
MJ0351YNGA8M9A,1.417542030199086,0,-0.8247168700305083,-0.12361493570994192,-1.0167161783921166,0.5267958376817197,0.0,1,0.0,0.0,4
MJ0351YNGA8M9A,1.417542030199086,0,-0.8247168700305083,-0.12361493570994192,-1.0145350511987612,1.2256535585673043,0.0,2,0.0,0.0,4
MJ0351YNGA8M9A,1.417542030199086,0,-0.8247168700305083,-0.12361493570994192,-1.0123539240054058,1.4003679887887004,0.0,3,0.0,0.0,4
MJ0351YNGA8M9A,1.417542030199086,0,-0.8247168700305083,-0.12361493570994192,-1.0101727968120504,1.4003679887887004,0.0,4,0.0,0.0,4
MJ0351YNGA8YHA,1.417542030199086,0,-0.8247168700305083,-0.12361493570994192,-1.21801604227887,0.0026525470175312025,0.0,0,0.0,0.0,4
MJ0351YNGA8YHA,1.417542030199086,0,-0.8247168700305083,-0.12361493570994192,-1.21801604227887,0.0026525470175312025,0.0,1,0.0,0.0,4
MJ0351YNGA8YHA,1.417542030199086,0,-0.8247168700305083,-0.12361493570994192,-1.21801604227887,0.0026525470175312025,0.0,2,0.0,0.0,4
MJ0351YNGA8YHA,1.417542030199086,0,-0.8247168700305083,-0.12361493570994192,-1.21801604227887,0.0026525470175312025,0.0,3,0.0,0.0,4
MJ0351YNGA8YHA,1.417542030199086,0,-0.8247168700305083,-0.12361493570994192,-1.21801604227887,0.0026525470175312025,0.0,4,0.0,0.0,4
MJ0351YNGA8Z5A,1.417542030199086,0,-0.8247168700305083,-0.12361493570994192,-1.0188064252857487,0.3520814074603235,0.0,0,0.0,0.0,4
MJ0351YNGA8Z5A,1.417542030199086,0,-0.8247168700305083,-0.12361493570994192,-1.0166252980923933,0.3520814074603235,0.0,1,0.0,0.0,4
MJ0351YNGA8Z5A,1.417542030199086,0,-0.8247168700305083,-0.12361493570994192,-1.014444170899038,1.0509391283459082,0.0,2,0.0,0.0,4
MJ0351YNGA8Z5A,1.417542030199086,0,-0.8247168700305083,-0.12361493570994192,-1.0123539240054058,1.0509391283459082,0.0,3,0.0,0.0,4
MJ0351YNGA8Z5A,1.417542030199086,0,-0.8247168700305083,-0.12361493570994192,-1.0100819165123274,1.0509391283459082,0.0,4,0.0,0.0,4
MJ0351YNGA8ZRA,1.417542030199086,0,-0.8247168700305083,-0.12361493570994192,-1.0188064252857487,0.17736697723892736,0.0,0,0.0,0.0,4
MJ0351YNGA8ZRA,1.417542030199086,0,-0.8247168700305083,-0.12361493570994192,-1.0166252980923933,0.17736697723892736,0.0,1,0.0,0.0,4
MJ0351YNGA8ZRA,1.417542030199086,0,-0.8247168700305083,-0.12361493570994192,-1.014444170899038,1.0509391283459082,0.0,2,0.0,0.0,4
MJ0351YNGA8ZRA,1.417542030199086,0,-0.8247168700305083,-0.12361493570994192,-1.0122630437056825,1.0509391283459082,0.0,3,0.0,0.0,4
MJ0351YNGA8ZRA,1.417542030199086,0,-0.8247168700305083,-0.12361493570994192,-1.0100819165123274,1.0509391283459082,0.0,4,0.0,0.0,4
MJ0351YNGAAE2A,1.417542030199086,0,-0.8247168700305083,-0.12361493570994192,-1.0188064252857487,0.17736697723892736,0.0,0,0.0,0.0,4
MJ0351YNGAAE2A,1.417542030199086,0,-0.8247168700305083,-0.12361493570994192,-1.0167161783921166,0.0026525470175312025,0.0,1,0.0,0.0,4
MJ0351YNGAAE2A,1.417542030199086,0,-0.8247168700305083,-0.12361493570994192,-1.0145350511987612,0.876224698124512,0.0,2,0.0,0.0,4
MJ0351YNGAAE2A,1.417542030199086,0,-0.8247168700305083,-0.12361493570994192,-1.0123539240054058,0.876224698124512,0.0,3,0.0,0.0,4
MJ0351YNGAAE2A,1.417542030199086,0,-0.8247168700305083,-0.12361493570994192,-1.0101727968120504,0.876224698124512,0.0,4,0.0,0.0,4
MJ0351YNGAAHEA,1.417542030199086,0,-0.8238922882172462,-0.12361493570994192,-1.0188064252857487,0.0026525470175312025,0.0,0,0.0,0.0,4
MJ0351YNGAAHEA,1.417542030199086,0,-0.8247168700305083,-0.12361493570994192,-1.0166252980923933,0.17736697723892736,0.0,1,0.0,0.0,4
MJ0351YNGAAHEA,1.417542030199086,0,-0.8247168700305083,-0.12361493570994192,-1.014444170899038,1.0509391283459082,0.0,2,0.0,0.0,4
MJ0351YNGAAHEA,1.417542030199086,0,-0.8247168700305083,-0.12361493570994192,-1.0122630437056825,1.0509391283459082,0.0,3,0.0,0.0,4
MJ0351YNGAAHEA,1.417542030199086,0,-0.8238922756351262,-0.12361493570994192,-1.0100819165123274,1.0509391283459082,0.0,4,0.0,0.0,4
S1F01QVB,1.417542030199086,0,-0.48106213234367723,-0.12361493570994192,-1.2223782966655807,0.876224698124512,0.0,0,0.0,0.0,4
S1F01QVB,1.417542030199086,0,-0.48106213234367723,-0.12361493570994192,-1.2223782966655807,0.876224698124512,0.0,1,0.0,0.0,4
S1F01QVB,1.417542030199086,0,-0.48106213234367723,-0.12361493570994192,-1.2223782966655807,0.876224698124512,0.0,2,0.0,0.0,4
S1F01QVB,1.417542030199086,0,-0.48106213234367723,-0.12361493570994192,-1.2223782966655807,0.876224698124512,0.0,3,0.0,0.0,4
S1F01QVB,1.417542030199086,0,-0.48106213234367723,-0.12361493570994192,-1.2223782966655807,0.876224698124512,0.0,4,0.0,0.0,4
S1F04B10,1.417542030199086,0,-0.7263509634618598,-0.12361493570994192,-0.8568577311791145,0.0026525470175312025,0.0,0,0.0,0.0,4
S1F04B10,1.417542030199086,0,-0.7263509634618598,-0.12361493570994192,-0.8568577311791145,0.0026525470175312025,0.0,1,0.0,0.0,4
S1F04B10,1.417542030199086,0,-0.7263509634618598,-0.12361493570994192,-0.8568577311791145,0.0026525470175312025,0.0,2,0.0,0.0,4
S1F04B10,1.417542030199086,0,-0.7263509634618598,-0.12361493570994192,-0.8568577311791145,0.0026525470175312025,0.0,3,0.0,0.0,4
S1F04B10,1.417542030199086,0,-0.7263509634618598,-0.12361493570994192,-0.8568577311791145,0.0026525470175312025,0.0,4,0.0,0.0,4
WD-WCAU41913379,-1.4553431510043948,0,-0.8247168700305083,-0.12361493570994192,0.6012257975789326,0.7015102679031159,0.0,0,0.0,0.0,4
WD-WCAU41913379,-1.4553431510043948,0,-0.8247168700305083,-0.12361493570994192,0.603406924772288,0.3520814074603235,0.0,1,0.0,0.0,4
WD-WCAU41913379,-1.4553431510043948,0,-0.8247168700305083,-0.12361493570994192,0.6055880519656432,0.876224698124512,0.0,2,0.0,0.0,4
WD-WCAU41913379,-1.4553431510043948,0,-0.8247168700305083,-0.12361493570994192,0.6077691791589986,0.7015102679031159,0.0,3,0.0,0.0,4
WD-WCAU41913379,-1.4553431510043948,0,-0.8247168700305083,-0.12361493570994192,0.609950306352354,0.876224698124512,0.0,4,0.0,0.0,4
WD-WCAU42120876,-1.4553431510043948,0,-0.8247168700305083,-0.12361493570994192,0.6010440369794863,0.7015102679031159,0.0,0,0.0,0.0,4
WD-WCAU42120876,-1.4553431510043948,0,-0.8247168700305083,-0.12361493570994192,0.6032251641728417,0.3520814074603235,0.0,1,0.0,0.0,4
WD-WCAU42120876,-1.4553431510043948,0,-0.8247168700305083,-0.12361493570994192,0.6054062913661971,0.876224698124512,0.0,2,0.0,0.0,4
WD-WCAU42120876,-1.4553431510043948,0,-0.8247168700305083,-0.12361493570994192,0.6075874185595523,0.876224698124512,0.0,3,0.0,0.0,4
WD-WCAU42120876,-1.4553431510043948,0,-0.8247168700305083,-0.12361493570994192,0.6096776654531846,0.876224698124512,0.0,4,0.0,0.0,4
WD-WCAU42121020,-1.4553431510043948,0,-0.8247168700305083,-0.12361493570994192,0.6005896354808706,0.7015102679031159,0.0,0,0.0,0.0,4
WD-WCAU42121020,-1.4553431510043948,0,-0.8247168700305083,-0.12361493570994192,0.6026798823745029,0.5267958376817197,0.0,1,0.0,0.0,4
WD-WCAU42121020,-1.4553431510043948,0,-0.8247168700305083,-0.12361493570994192,0.6048610095678582,0.876224698124512,0.0,2,0.0,0.0,4
WD-WCAU42121020,-1.4553431510043948,0,-0.8247168700305083,-0.12361493570994192,0.6070421367612135,0.876224698124512,0.0,3,0.0,0.0,4
WD-WCAU42121020,-1.4553431510043948,0,-0.8247168700305083,-0.12361493570994192,0.6092232639545688,0.876224698124512,0.0,4,0.0,0.0,4
WD-WCAU42478869,-1.4553431510043948,0,-0.8247168448662684,-0.12361493570994192,0.5779604408498089,0.5267958376817197,0.0,0,0.0,0.0,4
WD-WCAU42478869,-1.4553431510043948,0,-0.8247168448662684,-0.12361493570994192,0.5801415680431643,0.3520814074603235,0.0,1,0.0,0.0,4
WD-WCAU42478869,-1.4553431510043948,0,-0.8247168448662684,-0.12361493570994192,0.5823226952365196,0.7015102679031159,0.0,2,0.0,0.0,4
WD-WCAU42478869,-1.4553431510043948,0,-0.8247168448662684,-0.12361493570994192,0.584503822429875,0.876224698124512,0.0,3,0.0,0.0,4
WD-WCAU42478869,-1.4553431510043948,0,-0.8247168448662684,-0.12361493570994192,0.5866849496232304,0.876224698124512,0.0,4,0.0,0.0,4
WD-WCAU44819471,-1.4553431510043948,0,-0.8247168071199085,-0.12361493570994192,0.6115861517473705,0.876224698124512,0.0,0,0.0,0.0,4
WD-WCAU44819471,-1.4553431510043948,0,-0.8247168071199085,-0.12361493570994192,0.6137672789407258,0.876224698124512,0.0,1,0.0,0.0,4
WD-WCAU44819471,-1.4553431510043948,0,-0.8247168071199085,-0.12361493570994192,0.6159484061340812,1.0509391283459082,0.0,2,0.0,0.0,4
WD-WCAU44819471,-1.4553431510043948,0,-0.8247168071199085,-0.12361493570994192,0.6181295333274365,1.0509391283459082,0.0,3,0.0,0.0,4
WD-WCAU44819471,-1.4553431510043948,0,-0.8247168071199085,-0.12361493570994192,0.6203106605207919,1.2256535585673043,0.0,4,0.0,0.0,4
WD-WCAU44842862,-1.4553431510043948,0,-0.824716668716589,-0.12361493570994192,0.6113135108482011,1.2256535585673043,0.0,0,0.0,0.0,4
WD-WCAU44842862,-1.4553431510043948,0,-0.824716668716589,-0.12361493570994192,0.6134946380415565,1.0509391283459082,0.0,1,0.0,0.0,4
WD-WCAU44842862,-1.4553431510043948,0,-0.824716668716589,-0.12361493570994192,0.6156757652349117,1.4003679887887004,0.0,2,0.0,0.0,4
WD-WCAU44842862,-1.4553431510043948,0,-0.824716668716589,-0.12361493570994192,0.6178568924282671,1.2256535585673043,0.0,3,0.0,0.0,4
WD-WCAU44842862,-1.4553431510043948,0,-0.824716668716589,-0.12361493570994192,0.6200380196216224,1.2256535585673043,0.0,4,0.0,0.0,4
WD-WCAU44848073,-1.4553431510043948,0,-0.8247168322841484,-0.12361493570994192,0.6114043911479242,1.0509391283459082,0.0,0,0.0,0.0,4
WD-WCAU44848073,-1.4553431510043948,0,-0.8247168322841484,-0.12361493570994192,0.6135855183412795,1.0509391283459082,0.0,1,0.0,0.0,4
WD-WCAU44848073,-1.4553431510043948,0,-0.8247168322841484,-0.12361493570994192,0.6157666455346349,1.4003679887887004,0.0,2,0.0,0.0,4
WD-WCAU44848073,-1.4553431510043948,0,-0.8247168322841484,-0.12361493570994192,0.6179477727279903,1.2256535585673043,0.0,3,0.0,0.0,4
WD-WCAU44848073,-1.4553431510043948,0,-0.8247168322841484,-0.12361493570994192,0.6201288999213456,1.4003679887887004,0.0,4,0.0,0.0,4
WD-WCAU44863101,-1.4553431510043948,0,-0.8247168071199085,-0.12361493570994192,0.6135855183412795,1.2256535585673043,0.0,0,0.0,0.0,4
WD-WCAU44863101,-1.4553431510043948,0,-0.8247168071199085,-0.12361493570994192,0.6157666455346349,1.0509391283459082,0.0,1,0.0,0.0,4
WD-WCAU44863101,-1.4553431510043948,0,-0.8247168071199085,-0.12361493570994192,0.6179477727279903,1.4003679887887004,0.0,2,0.0,0.0,4
WD-WCAU44863101,-1.4553431510043948,0,-0.8247168071199085,-0.12361493570994192,0.6201288999213456,1.4003679887887004,0.0,3,0.0,0.0,4
WD-WCAU44863101,-1.4553431510043948,0,-0.8247168071199085,-0.12361493570994192,0.622310027114701,1.4003679887887004,0.0,4,0.0,0.0,4
WD-WCAU44875322,-1.4553431510043948,0,-0.8247168574483883,-0.12361493570994192,0.6112226305484779,1.0509391283459082,0.0,0,0.0,0.0,4
WD-WCAU44875322,-1.4553431510043948,0,-0.8247168574483883,-0.12361493570994192,0.6134037577418333,0.876224698124512,0.0,1,0.0,0.0,4
WD-WCAU44875322,-1.4553431510043948,0,-0.8247168574483883,-0.12361493570994192,0.6155848849351886,1.4003679887887004,0.0,2,0.0,0.0,4
WD-WCAU44875322,-1.4553431510043948,0,-0.8247168574483883,-0.12361493570994192,0.617766012128544,1.0509391283459082,0.0,3,0.0,0.0,4
WD-WCAU44875322,-1.4553431510043948,0,-0.8247168574483883,-0.12361493570994192,0.6199471393218993,1.4003679887887004,0.0,4,0.0,0.0,4
WD-WCAU44878685,-1.4553431510043948,0,-0.8247167567914286,-0.12361493570994192,0.6115861517473705,1.0509391283459082,0.0,0,0.0,0.0,4
WD-WCAU44878685,-1.4553431510043948,0,-0.8247167567914286,-0.12361493570994192,0.6137672789407258,0.876224698124512,0.0,1,0.0,0.0,4
WD-WCAU44878685,-1.4553431510043948,0,-0.8247167567914286,-0.12361493570994192,0.6159484061340812,1.4003679887887004,0.0,2,0.0,0.0,4
WD-WCAU44878685,-1.4553431510043948,0,-0.8247167567914286,-0.12361493570994192,0.6181295333274365,1.2256535585673043,0.0,3,0.0,0.0,4
WD-WCAU44878685,-1.4553431510043948,0,-0.8247167567914286,-0.12361493570994192,0.6203106605207919,1.4003679887887004,0.0,4,0.0,0.0,4
WD-WCAU44941709,-1.4553431510043948,0,-0.8247167819556686,-0.12361493570994192,0.6135855183412795,0.7015102679031159,0.0,0,0.0,0.0,4
WD-WCAU44941709,-1.4553431510043948,0,-0.8247167819556686,-0.12361493570994192,0.6157666455346349,0.3520814074603235,0.0,1,0.0,0.0,4
WD-WCAU44941709,-1.4553431510043948,0,-0.8247167819556686,-0.12361493570994192,0.6179477727279903,0.876224698124512,0.0,2,0.0,0.0,4
WD-WCAU44941709,-1.4553431510043948,0,-0.8247167819556686,-0.12361493570994192,0.6201288999213456,0.7015102679031159,0.0,3,0.0,0.0,4
WD-WCAU44941709,-1.4553431510043948,0,-0.8247167819556686,-0.12361493570994192,0.622310027114701,0.876224698124512,0.0,4,0.0,0.0,4
WD-WCAU45137332,-1.4553431510043948,0,-0.8247168700305083,-0.12361493570994192,0.5169797597355825,1.0509391283459082,0.0,0,0.0,0.0,4
WD-WCAU45137332,-1.4553431510043948,0,-0.8247168700305083,-0.12361493570994192,0.5191608869289378,0.876224698124512,0.0,1,0.0,0.0,4
WD-WCAU45137332,-1.4553431510043948,0,-0.8247168700305083,-0.12361493570994192,0.5213420141222932,1.4003679887887004,0.0,2,0.0,0.0,4
WD-WCAU45137332,-1.4553431510043948,0,-0.8247168700305083,-0.12361493570994192,0.5235231413156485,1.0509391283459082,0.0,3,0.0,0.0,4
WD-WCAU45137332,-1.4553431510043948,0,-0.8247168700305083,-0.12361493570994192,0.5257042685090039,1.2256535585673043,0.0,4,0.0,0.0,4
WD-WCAU45241855,-1.4553431510043948,0,-0.8247168700305083,-0.12361493570994192,0.5177976824330908,1.0509391283459082,0.0,0,0.0,0.0,4
WD-WCAU45241855,-1.4553431510043948,0,-0.8247168700305083,-0.12361493570994192,0.519978809626446,1.0509391283459082,0.0,1,0.0,0.0,4
WD-WCAU45241855,-1.4553431510043948,0,-0.8247168700305083,-0.12361493570994192,0.5220690565200783,1.4003679887887004,0.0,2,0.0,0.0,4
WD-WCAU45241855,-1.4553431510043948,0,-0.8247168700305083,-0.12361493570994192,0.5242501837134336,1.0509391283459082,0.0,3,0.0,0.0,4
WD-WCAU45241855,-1.4553431510043948,0,-0.8247168700305083,-0.12361493570994192,0.526431310906789,1.2256535585673043,0.0,4,0.0,0.0,4
WD-WCAU45662026,-1.4553431510043948,0,-0.8247167190450688,-0.12361493570994192,0.538881911968859,0.7015102679031159,0.0,0,0.0,0.0,4
WD-WCAU45662026,-1.4553431510043948,0,-0.8247167190450688,-0.12361493570994192,0.5410630391622144,0.5267958376817197,0.0,1,0.0,0.0,4
WD-WCAU45662026,-1.4553431510043948,0,-0.8247167190450688,-0.12361493570994192,0.5432441663555697,0.876224698124512,0.0,2,0.0,0.0,4
WD-WCAU45662026,-1.4553431510043948,0,-0.8247167190450688,-0.12361493570994192,0.5454252935489251,0.876224698124512,0.0,3,0.0,0.0,4
WD-WCAU45662026,-1.4553431510043948,0,-0.8247167190450688,-0.12361493570994192,0.5476064207422804,1.0509391283459082,0.0,4,0.0,0.0,4
WD-WCAU45665075,-1.4553431510043948,0,-0.8247168448662684,-0.12361493570994192,0.5384275104702434,0.3520814074603235,0.0,0,0.0,0.0,4
WD-WCAU45665075,-1.4553431510043948,0,-0.8247168448662684,-0.12361493570994192,0.5406086376635987,0.17736697723892736,0.0,1,0.0,0.0,4
WD-WCAU45665075,-1.4553431510043948,0,-0.8247168448662684,-0.12361493570994192,0.5427897648569541,0.7015102679031159,0.0,2,0.0,0.0,4
WD-WCAU45665075,-1.4553431510043948,0,-0.8247168448662684,-0.12361493570994192,0.5449708920503094,0.5267958376817197,0.0,3,0.0,0.0,4
WD-WCAU45665075,-1.4553431510043948,0,-0.8247168448662684,-0.12361493570994192,0.5471520192436647,0.876224698124512,0.0,4,0.0,0.0,4
WD-WCAU45684904,-1.4553431510043948,0,-0.8247168197020285,-0.12361493570994192,0.5373369468735657,0.7015102679031159,0.0,0,0.0,0.0,4
WD-WCAU45684904,-1.4553431510043948,0,-0.8247168197020285,-0.12361493570994192,0.539518074066921,0.5267958376817197,0.0,1,0.0,0.0,4
WD-WCAU45684904,-1.4553431510043948,0,-0.8247168197020285,-0.12361493570994192,0.5416992012602764,0.876224698124512,0.0,2,0.0,0.0,4
WD-WCAU45684904,-1.4553431510043948,0,-0.8247168197020285,-0.12361493570994192,0.5438803284536317,0.876224698124512,0.0,3,0.0,0.0,4
WD-WCAU45684904,-1.4553431510043948,0,-0.8247168197020285,-0.12361493570994192,0.5459705753472639,0.876224698124512,0.0,4,0.0,0.0,4
WD-WCAU46053205,-1.4553431510043948,0,-0.824716668716589,-0.12361493570994192,0.5191608869289378,0.876224698124512,0.0,0,0.0,0.0,3
WD-WCAU46053205,-1.4553431510043948,0,-0.824716668716589,-0.12361493570994192,0.5213420141222932,0.876224698124512,0.0,1,0.0,0.0,3
WD-WCAU46053205,-1.4553431510043948,0,-0.824716668716589,-0.12361493570994192,0.5235231413156485,1.2256535585673043,0.0,2,0.0,0.0,3
WD-WCAU46053205,-1.4553431510043948,0,-0.824716668716589,-0.12361493570994192,0.5257042685090039,1.0509391283459082,0.0,3,0.0,0.0,3
WD-WCAU46083046,-1.4553431510043948,0,-0.8247168700305083,-0.12361493570994192,0.5190700066292147,0.876224698124512,0.0,0,0.0,0.0,4
WD-WCAU46083046,-1.4553431510043948,0,-0.8247168700305083,-0.12361493570994192,0.52125113382257,0.876224698124512,0.0,1,0.0,0.0,4
WD-WCAU46083046,-1.4553431510043948,0,-0.8247168700305083,-0.12361493570994192,0.5234322610159253,1.2256535585673043,0.0,2,0.0,0.0,4
WD-WCAU46083046,-1.4553431510043948,0,-0.8247168700305083,-0.12361493570994192,0.5256133882092807,1.0509391283459082,0.0,3,0.0,0.0,4
WD-WCAU46083046,-1.4553431510043948,0,-0.8247168700305083,-0.12361493570994192,0.527703635102913,1.0509391283459082,0.0,4,0.0,0.0,4
WD-WCAU47085310,-1.4553431510043948,0,-0.8247168448662684,-0.12361493570994192,0.5147986325422271,0.7015102679031159,0.0,0,0.0,0.0,4
WD-WCAU47085310,-1.4553431510043948,0,-0.8247168448662684,-0.12361493570994192,0.5169797597355825,0.3520814074603235,0.0,1,0.0,0.0,4
WD-WCAU47085310,-1.4553431510043948,0,-0.8247168448662684,-0.12361493570994192,0.5191608869289378,0.7015102679031159,0.0,2,0.0,0.0,4
WD-WCAU47085310,-1.4553431510043948,0,-0.8247168448662684,-0.12361493570994192,0.5213420141222932,0.7015102679031159,0.0,3,0.0,0.0,4
WD-WCAU47085310,-1.4553431510043948,0,-0.8247168448662684,-0.12361493570994192,0.5235231413156485,0.876224698124512,0.0,4,0.0,0.0,4
WD-WCAU47196480,-1.4553431510043948,0,-0.8247168700305083,-0.12361493570994192,0.4162843876423441,1.0509391283459082,0.0,0,0.0,0.0,4
WD-WCAU47196480,-1.4553431510043948,0,-0.8247168700305083,-0.12361493570994192,0.41837463453597634,1.0509391283459082,0.0,1,0.0,0.0,4
WD-WCAU47196480,-1.4553431510043948,0,-0.8247168700305083,-0.12361493570994192,0.4205557617293317,1.4003679887887004,0.0,2,0.0,0.0,4
WD-WCAU47196480,-1.4553431510043948,0,-0.8247168700305083,-0.12361493570994192,0.422736888922687,1.2256535585673043,0.0,3,0.0,0.0,4
WD-WCAU47196480,-1.4553431510043948,0,-0.8247168700305083,-0.12361493570994192,0.42491801611604235,1.4003679887887004,0.0,4,0.0,0.0,4
WD-WCAU47200812,-1.4553431510043948,0,-0.8247168700305083,-0.12361493570994192,0.5165253582369668,0.7015102679031159,0.0,0,0.0,0.0,4
WD-WCAU47200812,-1.4553431510043948,0,-0.8247168700305083,-0.12361493570994192,0.5187064854303222,0.5267958376817197,0.0,1,0.0,0.0,4
WD-WCAU47200812,-1.4553431510043948,0,-0.8247168700305083,-0.12361493570994192,0.5208876126236774,0.876224698124512,0.0,2,0.0,0.0,4
WD-WCAU47200812,-1.4553431510043948,0,-0.8247168700305083,-0.12361493570994192,0.5230687398170328,0.876224698124512,0.0,3,0.0,0.0,4
WD-WCAU47200812,-1.4553431510043948,0,-0.8247168700305083,-0.12361493570994192,0.5252498670103881,0.876224698124512,0.0,4,0.0,0.0,4
WD-WCAU47201083,-1.4553431510043948,0,-0.8247168700305083,-0.12361493570994192,0.5150712734413966,0.7015102679031159,0.0,0,0.0,0.0,4
WD-WCAU47201083,-1.4553431510043948,0,-0.8247168700305083,-0.12361493570994192,0.5172524006347519,0.5267958376817197,0.0,1,0.0,0.0,4
WD-WCAU47201083,-1.4553431510043948,0,-0.8247168700305083,-0.12361493570994192,0.5194335278281073,0.876224698124512,0.0,2,0.0,0.0,4
WD-WCAU47201083,-1.4553431510043948,0,-0.8247168700305083,-0.12361493570994192,0.5216146550214625,0.876224698124512,0.0,3,0.0,0.0,4
WD-WCAU47201083,-1.4553431510043948,0,-0.8247168700305083,-0.12361493570994192,0.5237957822148179,0.876224698124512,0.0,4,0.0,0.0,4
WD-WCAU47205435,-1.4553431510043948,0,-0.8247168700305083,-0.12361493570994192,0.5160709567383511,0.7015102679031159,0.0,0,0.0,0.0,4
WD-WCAU47205435,-1.4553431510043948,0,-0.8247168700305083,-0.12361493570994192,0.5181612036319833,0.5267958376817197,0.0,1,0.0,0.0,4
WD-WCAU47205435,-1.4553431510043948,0,-0.8247168700305083,-0.12361493570994192,0.5203423308253387,0.876224698124512,0.0,2,0.0,0.0,4
WD-WCAU47205435,-1.4553431510043948,0,-0.8247168700305083,-0.12361493570994192,0.5225234580186939,0.876224698124512,0.0,3,0.0,0.0,4
WD-WCAU47205435,-1.4553431510043948,0,-0.8247168700305083,-0.12361493570994192,0.5247045852120493,0.876224698124512,0.0,4,0.0,0.0,4
WD-WCAU47205626,-1.4553431510043948,0,-0.8247168574483883,-0.12361493570994192,0.5149803931416734,0.7015102679031159,0.0,0,0.0,0.0,4
WD-WCAU47205626,-1.4553431510043948,0,-0.8247168574483883,-0.12361493570994192,0.5171615203350287,0.5267958376817197,0.0,1,0.0,0.0,4
WD-WCAU47205626,-1.4553431510043948,0,-0.8247168574483883,-0.12361493570994192,0.5193426475283841,0.876224698124512,0.0,2,0.0,0.0,4
WD-WCAU47205626,-1.4553431510043948,0,-0.8247168574483883,-0.12361493570994192,0.5215237747217394,0.876224698124512,0.0,3,0.0,0.0,4
WD-WCAU47205626,-1.4553431510043948,0,-0.8247168574483883,-0.12361493570994192,0.5237049019150948,1.0509391283459082,0.0,4,0.0,0.0,4
WD-WCAU47205837,-1.4553431510043948,0,-0.8247168574483883,-0.12361493570994192,0.5151621537411197,0.7015102679031159,0.0,0,0.0,0.0,4
WD-WCAU47205837,-1.4553431510043948,0,-0.8247168574483883,-0.12361493570994192,0.517343280934475,0.5267958376817197,0.0,1,0.0,0.0,4
WD-WCAU47205837,-1.4553431510043948,0,-0.8247168574483883,-0.12361493570994192,0.5195244081278304,0.876224698124512,0.0,2,0.0,0.0,4
WD-WCAU47205837,-1.4553431510043948,0,-0.8247168574483883,-0.12361493570994192,0.5217055353211857,0.876224698124512,0.0,3,0.0,0.0,4
WD-WCAU47205837,-1.4553431510043948,0,-0.8247168574483883,-0.12361493570994192,0.5238866625145411,0.876224698124512,0.0,4,0.0,0.0,4
WD-WCAU47206115,-1.4553431510043948,0,-0.8247168322841484,-0.12361493570994192,0.5152530340408428,0.876224698124512,0.0,0,0.0,0.0,4
WD-WCAU47206115,-1.4553431510043948,0,-0.8247168322841484,-0.12361493570994192,0.5174341612341982,0.876224698124512,0.0,1,0.0,0.0,4
WD-WCAU47206115,-1.4553431510043948,0,-0.8247168322841484,-0.12361493570994192,0.5196152884275536,1.2256535585673043,0.0,2,0.0,0.0,4
WD-WCAU47206115,-1.4553431510043948,0,-0.8247168322841484,-0.12361493570994192,0.5217964156209088,1.0509391283459082,0.0,3,0.0,0.0,4
WD-WCAU47206115,-1.4553431510043948,0,-0.8247168322841484,-0.12361493570994192,0.5239775428142642,1.2256535585673043,0.0,4,0.0,0.0,4
WD-WCAU47213057,-1.4553431510043948,0,-0.8247167442093087,-0.12361493570994192,1.131966747962066,1.2256535585673043,0.0,0,0.0,0.0,4
WD-WCAU47213057,-1.4553431510043948,0,-0.8247167442093087,-0.12361493570994192,1.1341478751554215,1.0509391283459082,0.0,1,0.0,0.0,4
WD-WCAU47213057,-1.4553431510043948,0,-0.8247167442093087,-0.12361493570994192,1.1363290023487769,1.4003679887887004,0.0,2,0.0,0.0,4
WD-WCAU47213057,-1.4553431510043948,0,-0.8247167442093087,-0.12361493570994192,1.1385101295421323,1.4003679887887004,0.0,3,0.0,0.0,4
WD-WCAU47213057,-1.4553431510043948,0,-0.8247167442093087,-0.12361493570994192,1.1406912567354874,1.4003679887887004,0.0,4,0.0,0.0,4
WD-WCAU47218291,-1.4553431510043948,0,-0.8247168700305083,-0.12361493570994192,0.5154347946402891,1.2256535585673043,0.0,0,0.0,0.0,4
WD-WCAU47218291,-1.4553431510043948,0,-0.8247168700305083,-0.12361493570994192,0.5176159218336445,1.0509391283459082,0.0,1,0.0,0.0,4
WD-WCAU47218291,-1.4553431510043948,0,-0.8247168700305083,-0.12361493570994192,0.5197970490269997,1.4003679887887004,0.0,2,0.0,0.0,4
WD-WCAU47218291,-1.4553431510043948,0,-0.8247168700305083,-0.12361493570994192,0.5219781762203551,1.2256535585673043,0.0,3,0.0,0.0,4
WD-WCAU47218291,-1.4553431510043948,0,-0.8247168700305083,-0.12361493570994192,0.5241593034137104,1.4003679887887004,0.0,4,0.0,0.0,4
WD-WCAU47254781,-1.4553431510043948,0,-0.8247168700305083,-0.12361493570994192,0.5145259916430577,0.876224698124512,0.0,0,0.0,0.0,4
WD-WCAU47254781,-1.4553431510043948,0,-0.8247168700305083,-0.12361493570994192,0.5166162385366899,0.876224698124512,0.0,1,0.0,0.0,4
WD-WCAU47254781,-1.4553431510043948,0,-0.8247168700305083,-0.12361493570994192,0.5188882460297684,1.2256535585673043,0.0,2,0.0,0.0,4
WD-WCAU47254781,-1.4553431510043948,0,-0.8247168700305083,-0.12361493570994192,0.5209784929234006,1.0509391283459082,0.0,3,0.0,0.0,4
WD-WCAU47254781,-1.4553431510043948,0,-0.8247168700305083,-0.12361493570994192,0.523159620116756,1.0509391283459082,0.0,4,0.0,0.0,4
WD-WCAU47264111,-1.4553431510043948,0,-0.8247168700305083,-0.12361493570994192,0.5153439143405659,0.7015102679031159,0.0,0,0.0,0.0,4
WD-WCAU47264111,-1.4553431510043948,0,-0.8247168700305083,-0.12361493570994192,0.5175250415339213,0.7015102679031159,0.0,1,0.0,0.0,4
WD-WCAU47264111,-1.4553431510043948,0,-0.8247168700305083,-0.12361493570994192,0.5197061687272766,0.876224698124512,0.0,2,0.0,0.0,4
WD-WCAU47264111,-1.4553431510043948,0,-0.8247168700305083,-0.12361493570994192,0.521887295920632,0.876224698124512,0.0,3,0.0,0.0,4
WD-WCAU47264111,-1.4553431510043948,0,-0.8247168700305083,-0.12361493570994192,0.5240684231139874,1.0509391283459082,0.0,4,0.0,0.0,4
WD-WCAU47283626,-1.4553431510043948,0,-0.8247168700305083,-0.12361493570994192,0.41546646494483586,0.7015102679031159,0.0,0,0.0,0.0,4
WD-WCAU47283626,-1.4553431510043948,0,-0.8247168700305083,-0.12361493570994192,0.4176475921381912,0.5267958376817197,0.0,1,0.0,0.0,4
WD-WCAU47283626,-1.4553431510043948,0,-0.8247168700305083,-0.12361493570994192,0.41982871933154653,0.876224698124512,0.0,2,0.0,0.0,4
WD-WCAU47283626,-1.4553431510043948,0,-0.8247168700305083,-0.12361493570994192,0.42200984652490187,0.876224698124512,0.0,3,0.0,0.0,4
WD-WCAU47283626,-1.4553431510043948,0,-0.8247168700305083,-0.12361493570994192,0.42419097371825726,0.876224698124512,0.0,4,0.0,0.0,4
WD-WCAU47283739,-1.4553431510043948,0,-0.8247168700305083,-0.12361493570994192,0.5147986325422271,0.5267958376817197,0.0,0,0.0,0.0,4
WD-WCAU47283739,-1.4553431510043948,0,-0.8247168700305083,-0.12361493570994192,0.5169797597355825,0.3520814074603235,0.0,1,0.0,0.0,4
WD-WCAU47283739,-1.4553431510043948,0,-0.8247168700305083,-0.12361493570994192,0.5191608869289378,0.7015102679031159,0.0,2,0.0,0.0,4
WD-WCAU47283739,-1.4553431510043948,0,-0.8247168700305083,-0.12361493570994192,0.5213420141222932,0.7015102679031159,0.0,3,0.0,0.0,4
WD-WCAU47283739,-1.4553431510043948,0,-0.8247168700305083,-0.12361493570994192,0.5235231413156485,0.876224698124512,0.0,4,0.0,0.0,4
WD-WCAU47396206,-1.4553431510043948,0,-0.8247168700305083,-0.12361493570994192,0.5148895128419503,0.7015102679031159,0.0,0,0.0,0.0,4
WD-WCAU47396206,-1.4553431510043948,0,-0.8247168700305083,-0.12361493570994192,0.5169797597355825,0.3520814074603235,0.0,1,0.0,0.0,4
WD-WCAU47396206,-1.4553431510043948,0,-0.8247168700305083,-0.12361493570994192,0.5191608869289378,0.876224698124512,0.0,2,0.0,0.0,4
WD-WCAU47396206,-1.4553431510043948,0,-0.8247168700305083,-0.12361493570994192,0.5213420141222932,0.876224698124512,0.0,3,0.0,0.0,4
WD-WCAU47396206,-1.4553431510043948,0,-0.8247168700305083,-0.12361493570994192,0.5235231413156485,0.876224698124512,0.0,4,0.0,0.0,4
WD-WCAU4A486632,-1.4553431510043948,0,-0.8247168197020285,-0.12361493570994192,1.1406003764357644,0.876224698124512,0.0,0,0.0,0.0,4
WD-WCAU4A486632,-1.4553431510043948,0,-0.8247168197020285,-0.12361493570994192,1.1427815036291198,0.876224698124512,0.0,1,0.0,0.0,4
WD-WCAU4A486632,-1.4553431510043948,0,-0.8247168197020285,-0.12361493570994192,1.1449626308224752,1.0509391283459082,0.0,2,0.0,0.0,4
WD-WCAU4A486632,-1.4553431510043948,0,-0.8247168197020285,-0.12361493570994192,1.1471437580158304,1.0509391283459082,0.0,3,0.0,0.0,4
WD-WCAU4A486632,-1.4553431510043948,0,-0.8247168197020285,-0.12361493570994192,1.1493248852091857,1.0509391283459082,0.0,4,0.0,0.0,4
WD-WCAV54075660,-1.4553431510043948,0,-0.8247168700305083,-0.12361493570994192,-1.217925161979147,1.2256535585673043,0.0,0,0.0,0.0,4
WD-WCAV54075660,-1.4553431510043948,0,-0.8247168700305083,-0.12361493570994192,-1.2158349150855148,1.0509391283459082,0.0,1,0.0,0.0,4
WD-WCAV54075660,-1.4553431510043948,0,-0.8247168700305083,-0.12361493570994192,-1.2135629075924361,1.4003679887887004,0.0,2,0.0,0.0,4
WD-WCAV54075660,-1.4553431510043948,0,-0.8247168700305083,-0.12361493570994192,-1.211472660698804,1.2256535585673043,0.0,3,0.0,0.0,4
WD-WCAV54075660,-1.4553431510043948,0,-0.8247168700305083,-0.12361493570994192,-1.2092915335054486,1.4003679887887004,0.0,4,0.0,0.0,4
WD-WCAV54577627,-1.4553431510043948,0,-0.8247168700305083,-0.12361493570994192,-1.217925161979147,1.2256535585673043,0.0,0,0.0,0.0,4
WD-WCAV54577627,-1.4553431510043948,0,-0.8247168700305083,-0.12361493570994192,-1.2158349150855148,1.0509391283459082,0.0,1,0.0,0.0,4
WD-WCAV54577627,-1.4553431510043948,0,-0.8247168700305083,-0.12361493570994192,-1.2135629075924361,1.2256535585673043,0.0,2,0.0,0.0,4
WD-WCAV54577627,-1.4553431510043948,0,-0.8247168700305083,-0.12361493570994192,-1.211381780399081,1.2256535585673043,0.0,3,0.0,0.0,4
WD-WCAV54577627,-1.4553431510043948,0,-0.8247168700305083,-0.12361493570994192,-1.2092915335054486,1.4003679887887004,0.0,4,0.0,0.0,4
WD-WCAV54768556,-1.4553431510043948,0,-0.8247168700305083,-0.12361493570994192,-1.21801604227887,0.876224698124512,0.0,0,0.0,0.0,4
WD-WCAV54768556,-1.4553431510043948,0,-0.8247168700305083,-0.12361493570994192,-1.2158349150855148,0.876224698124512,0.0,1,0.0,0.0,4
WD-WCAV54768556,-1.4553431510043948,0,-0.8247168700305083,-0.12361493570994192,-1.2136537878921594,1.0509391283459082,0.0,2,0.0,0.0,4
WD-WCAV54768556,-1.4553431510043948,0,-0.8247168700305083,-0.12361493570994192,-1.211472660698804,0.876224698124512,0.0,3,0.0,0.0,4
WD-WCAV54768556,-1.4553431510043948,0,-0.8247168700305083,-0.12361493570994192,-1.2092915335054486,1.0509391283459082,0.0,4,0.0,0.0,4
WD-WCAV54825254,-1.4553431510043948,0,-0.8247168700305083,-0.12361493570994192,-1.21801604227887,0.876224698124512,0.0,0,0.0,0.0,4
WD-WCAV54825254,-1.4553431510043948,0,-0.8247168700305083,-0.12361493570994192,-1.2158349150855148,0.876224698124512,0.0,1,0.0,0.0,4
WD-WCAV54825254,-1.4553431510043948,0,-0.8247168700305083,-0.12361493570994192,-1.2136537878921594,1.2256535585673043,0.0,2,0.0,0.0,4
WD-WCAV54825254,-1.4553431510043948,0,-0.8247168700305083,-0.12361493570994192,-1.211472660698804,0.876224698124512,0.0,3,0.0,0.0,4
WD-WCAV54825254,-1.4553431510043948,0,-0.8247168700305083,-0.12361493570994192,-1.2092915335054486,1.0509391283459082,0.0,4,0.0,0.0,4
WD-WCAV5V341732,-1.4553431510043948,0,-0.8247168700305083,-0.12361493570994192,-1.2505511895797539,0.876224698124512,0.0,0,0.0,0.0,4
WD-WCAV5V341732,-1.4553431510043948,0,-0.8247168700305083,-0.12361493570994192,-1.2483700623863985,0.7015102679031159,0.0,1,0.0,0.0,4
WD-WCAV5V341732,-1.4553431510043948,0,-0.8247168700305083,-0.12361493570994192,-1.2461889351930433,1.0509391283459082,0.0,2,0.0,0.0,4
WD-WCAV5V341732,-1.4553431510043948,0,-0.8247168700305083,-0.12361493570994192,-1.244098688299411,0.876224698124512,0.0,3,0.0,0.0,4
WD-WCAV5V341732,-1.4553431510043948,0,-0.8247168700305083,-0.12361493570994192,-1.2419175611060558,1.0509391283459082,0.0,4,0.0,0.0,4
